sentence	count
atha kho	4827
atha kho	4827
kho bhikkhave	4251
kho bhikkhave	4251
kho pana	2644
kho pana	2644
sī syā	2397
sī syā	2397
bhikkhave bhikkhu	2299
bhikkhave bhikkhu	2235
sī pī	2159
sī pī	2159
syā kaṃ	1780
syā kaṃ	1780
tenupasaṅkami upasaṅkamitvā	1576
nu kho	1535
nu kho	1535
idha bhikkhave	1453
idha bhikkhave	1453
tena kho	1371
tena kho	1371
pana samaya	1341
pana samayena	1341
kho āyasmā	1252
kho āyasmā	1252
tenupasaṅkami upasaṅkamitvā	1222
āpatti dukkaṭa	1197
āpatti dukkaṭassa	1197
kho bhagavā	1178
kho bhagavā	1178
puna caparaṃ	1162
puna caparaṃ	1162
syā pī	1151
syā pī	1151
kho āvuso	1127
kho āvuso	1127
bho gotama	1099
na ca	1096
na ca	1096
paraṃ maraṇa	1038
paraṃ maraṇā	1038
bhagavant etadavoca	1010
bho gotama	983
kāya bheda	972
kāyassa bhedā	972
ekamantaṃ nisinna	964
nisinna kho	960
ca hoti	953
ca hoti	953
te bhikkhū	940
te bhikkhū	940
kaṃ pī	937
kaṃ pī	937
yena bhagavā	922
yena bhagavā	922
evaṃ kho	920
evaṃ kho	920
ca bhikkhave	903
ca bhikkhave	903
ekamantaṃ nisīdi	897
dhamma samannāgata	894
kho te	891
kho te	891
bhagavantaṃ etadavoca	890
bheda paraṃ	889
bhedā paraṃ	889
ca kho	883
ca kho	883
vuccati bhikkhave	882
pana bhikkhave	852
pana bhikkhave	852
evameva kho	850
evameva kho	850
akusala dhamma	846
upasampajja viharati	835
bhagavā tenupasaṅkami	816
vuccati bhikkhave	815
katama ca	807
eka samaya	798
ekaṃ samayaṃ	795
nisīdi ekamantaṃ	790
kho so	784
kho so	784
dhammehi samannāgato	780
ime kho	771
ime kho	771
ayaṃ vuccati	765
ayaṃ vuccati	765
samaya bhagavā	761
sāvatthī viharati	746
sāvatthiyaṃ viharati	745
kho ahaṃ	734
kho ahaṃ	734
bhikkhave dhamma	722
hoti na	719
hoti na	713
āpatti pācittiya	712
āpatti pācittiyassa	712
abhivādetvā ekamantaṃ	701
abhivādetvā ekamantaṃ	701
upasampajja viharati	699
samaṇa gotama	695
kathañhi nāma	691
kathañhi nāma	691
samayaṃ bhagavā	688
bhagavant abhivādetvā	679
bhagavantaṃ abhivādetvā	679
na hoti	654
na hoti	654
buddha bhagavā	651
buddho bhagavā	651
paṭivirata hoti	647
ekamantaṃ nisīdi	647
kho bhante	641
kho bhante	641
bhagavā tenupasaṅkami	641
paṭivirato hoti	634
syā ka	626
syā ka	626
ekamantaṃ nisinno	620
nisīdi ekamantaṃ	619
nisinno kho	616
taṃ kiṃ	611
taṃ kiṃ	611
kissa hetu	607
kissa hetu	606
me sutaṃ	601
me sutaṃ	601
taṃ kissa	600
taṃ kissa	600
diṭṭheva dhamma	597
diṭṭheva dhamme	597
evaṃ vutta	594
kiṃ maññati	593
evaṃ vutte	592
seyyathāpi bhikkhave	581
seyyathāpi bhikkhave	581
brāhmaṇa vā	580
samaṇa vā	579
ye te	577
ye te	577
upasaṅkamitvā bhagavant	576
upasaṅkamitvā bhagavantaṃ	576
bhagavā sāvatthī	559
bhagavā sāvatthiyaṃ	558
imehi kho	556
evaṃ me	556
imehi kho	556
evaṃ me	556
kathañca bhikkhave	548
ariya aṭṭhaṅgika	548
kathañca bhikkhave	548
vā brāhmaṇa	547
jetavana anāthapiṇḍika	546
pī ka	545
anāthapiṇḍika ārāma	545
pī ka	545
kho me	540
kho me	540
viharati jetavana	539
bhikkhave ekacca	539
jetavane anāthapiṇḍikassa	539
viharati jetavane	539
tasmiṃ samaya	538
tasmiṃ samaye	538
anāthapiṇḍikassa ārāme	538
katama pañca	529
na kho	529
na kho	529
abhiññā sacchikatvā	526
sayaṃ abhiññā	526
abhiññā sacchikatvā	526
sayaṃ abhiññā	526
caparaṃ bhikkhave	522
caparaṃ bhikkhave	522
kho ānanda	515
agāra anagāriyaṃ	509
agārasmā anagāriyaṃ	507
kho ānanda	502
dhamma deseti	500
so bhikkhu	496
ayaṃ kho	494
ayaṃ kho	494
āyasmā ānanda	487
āyasmā ānando	487
so bhikkhu	487
bhikkhave ekacco	484
yathābhūtaṃ pajānāti	481
pāpaka akusala	475
yathābhūtaṃ pajānāti	473
hoti pe	470
hoti pe	470
jhāna upasampajja	467
hoti tathāgata	465
ca me	465
ca me	465
jhānaṃ upasampajja	464
tathāgata paraṃ	456
tathāgato paraṃ	456
hoti tathāgato	455
sutaṃ eka	453
akusalā dhammā	451
sutaṃ ekaṃ	450
sacchikatvā upasampajja	447
bhikkhave puggala	447
sacchikatvā upasampajja	447
bhikkhū āmantesi	444
bhikkhū āmantesi	442
evañca pana	438
evañca pana	438
kho panetaṃ	435
kho panetaṃ	435
ca pana	428
ca pana	428
evamevaṃ kho	427
evamevaṃ kho	427
katamo ca	426
tassa mayhaṃ	423
tassa mayhaṃ	423
ye ca	416
ye ca	416
bhante bhagavā	414
bhante bhagavā	414
bhagavā etadavoca	407
bhagavā etadavoca	407
me bhante	404
me bhante	404
kiṃ maññasi	402
no hetaṃ	398
no hetaṃ	398
tena samaya	392
vā citta	392
tena samayena	392
āsava khaya	388
vo bhikkhave	381
vo bhikkhave	381
ārāma tena	378
vā cittaṃ	377
samannāgata hoti	376
no ca	375
no ca	375
samannāgato hoti	374
bhagavā pe	372
bhikkhave bhikkhuno	372
bhikkhave bhikkhuno	372
ārāme tena	372
bhagavā pe	372
vutta bhagavatā	371
dhamma sayaṃ	371
kho bho	370
hetaṃ bhante	370
kho bho	370
hetaṃ bhante	370
samaṇo gotamo	369
khiyyanti vipācenti	368
evaṃ hoti	368
ujjhāyanti khiyyanti	368
khiyyanti vipācenti	368
ujjhāyanti khiyyanti	368
evaṃ hoti	368
hoti idha	366
hoti idha	366
yo ca	364
yo ca	364
pe ayaṃ	360
pe ayaṃ	360
samaya aññatara	350
imaṃ sikkhāpada	348
sikkhāpada uddisati	348
bhikkhave pañca	348
imaṃ sikkhāpadaṃ	348
aññatara bhikkhu	347
bhikkhū bhagavato	347
bhikkhū bhagavato	347
aññataro bhikkhu	347
paraṃ maraṇāti	346
paraṃ maraṇāti	346
samaya buddha	345
samayena buddho	345
kho brāhmaṇa	344
kusalesu dhamma	344
kusalesu dhammesu	344
vipācenti kathañhi	342
vipācenti kathañhi	342
iti kho	338
iti kho	338
dhammaṃ deseti	336
saccaṃ kira	334
saccaṃ kira	334
evaṃ vadeyya	333
evaṃ vadeyya	333
bhikkhave puggalo	330
bhāvita bahulīkata	328
arahaṃ sammāsambuddha	326
arahaṃ sammāsambuddho	326
bhikkhave dhammehi	321
ekacca puggala	319
aṭṭhaṅgika maggaṃ	318
kho brāhmaṇa	318
aṭṭhaṅgikaṃ maggaṃ	318
samannāgata bhikkhu	315
attanā ca	315
sugatiṃ sagga	315
sugatiṃ saggaṃ	315
samannāgato bhikkhu	315
attanā ca	315
na hi	314
sagga loka	314
ahosi pe	314
ahosi pe	314
kho bhikkhu	313
bhavaṃ gotama	313
na hi	313
kho bhikkhu	313
bhavaṃ gotamo	313
paṭicca uppajjati	312
paṭicca uppajjati	312
ayaṃ bhikkhave	311
ayaṃ bhikkhave	311
saggaṃ lokaṃ	311
pasenadi kosala	309
pana bhante	309
ariyaṃ aṭṭhaṅgikaṃ	309
pana bhante	309
hoti no	308
hoti no	308
maraṇa sugatiṃ	305
etamatthaṃ ārocesi	305
maraṇā sugatiṃ	305
yaṃ taṃ	303
kiṃ nu	303
āyasmā sāriputta	303
yaṃ taṃ	303
āyasmā sāriputto	303
kiṃ nu	303
kukkucca ahosi	301
kukkuccaṃ ahosi	301
dhamme sayaṃ	301
so bhikkhave	300
so bhikkhave	300
idha pana	299
idha pana	299
imāni kho	297
imāni kho	297
bhikkhave imaṃ	295
pāpakā akusalā	295
bhikkhave imaṃ	295
yathābhūtaṃ nappajānāti	294
tena hi	294
tena hi	293
idaṃ vuccati	291
idaṃ vuccati	291
hoti kathañca	290
hoti kathañca	290
appasanna vā	288
ko nu	288
tenupasaṅkamiṃsu upasaṅkamitvā	288
ko nu	288
vā pasāda	287
appasannānaṃ vā	287
āpatti saṅghādisesa	286
vā pasādāya	286
hitāya sukhāya	285
aññatitthiya paribbājaka	285
hitāya sukhāya	285
kusalā dhamma	284
pañca dhamma	284
kusalā dhammā	284
pana me	283
pana me	283
pe evañca	281
pe evañca	281
duggati vinipāta	280
apāyaṃ duggati	280
duggatiṃ vinipātaṃ	280
apāyaṃ duggatiṃ	280
nāpara itthattāyāti	279
āvuso bhikkhu	279
nāparaṃ itthattāyāti	279
pasāda pe	276
pasādāya pe	276
saccaṃ bhagavāti	275
saccaṃ bhagavāti	275
bhagavato paccassosi	274
āvuso bhikkhu	274
api nu	272
yato kho	272
api nu	272
yato kho	272
manasi karoti	271
dukkhaṃ vā	270
vinipāta niraya	270
vigarahi buddha	270
dukkhaṃ vā	270
vigarahi buddho	270
vinipātaṃ nirayaṃ	270
bhikkhave bhikkhunī	268
bhagavāti vigarahi	268
vitthārena atthaṃ	268
vitthārena atthaṃ	268
bhagavāti vigarahi	268
so evaṃ	266
so evaṃ	266
ātāpī sampajāna	265
bhanteti kho	265
api ca	265
api ca	265
bhanteti kho	265
evaṃ bhanteti	264
vā brāhmaṇā	264
evaṃ bhanteti	264
samaṇā vā	264
brāhmaṇā vā	264
netaṃ ṭhānaṃ	262
netaṃ ṭhānaṃ	262
katamañca bhikkhave	261
katamañca bhikkhave	261
maraṇa apāyaṃ	260
maraṇā apāyaṃ	260
ekacco puggalo	258
chabbaggiya bhikkhū	257
pe kathañhi	257
viharati ātāpī	257
upasaṅkamitvā āyasmant	257
bhāvitā bahulīkatā	257
pe kathañhi	257
bhikkhave ariyasāvaka	256
saddhiṃ sammodi	256
kathaṃ sāraṇīya	256
katamā ca	256
kathaṃ sāraṇīyaṃ	256
pe saccaṃ	255
pe saccaṃ	255
āyasmant ānanda	254
tassa kukkucca	254
tassa kukkuccaṃ	254
sammodanīya kathaṃ	253
so bhagavā	253
sammodi sammodanīya	253
sampajāna satimant	253
sammodanīyaṃ kathaṃ	253
so bhagavā	253
viharati pe	252
tvaṃ bhikkhu	250
vā hoti	250
seyyathāpi nāma	250
tvaṃ bhikkhu	250
seyyathāpi nāma	250
vineyya loka	249
katama cattāro	249
satimant vineyya	249
ātāpī sampajāno	249
vineyya loke	249
sampajāno satimā	249
vā hoti	249
katame cattāro	248
sāraṇīya vītisāretvā	247
na maññati	247
vītisāretvā ekamantaṃ	247
sāraṇīyaṃ vītisāretvā	247
vītisāretvā ekamantaṃ	247
samaya āyasmā	246
appiccha pe	245
satimā vineyya	245
no ce	244
paṭicca vutta	244
taṃ suṇāti	244
paṭicca vuttaṃ	244
no ce	244
appicchā pe	244
loka abhijjhādomanassa	243
loke abhijjhādomanassaṃ	243
na taṃ	242
yathābhūtaṃ sammappaññāya	242
ca na	242
āpatti saṅghādisesassa	242
yathābhūtaṃ sammappaññāya	242
cittanti pajānāti	239
paṭhamaṃ jhāna	239
vata bho	239
paṭhamaṃ jhānaṃ	239
vata bho	239
yaṃ kho	238
ca na	238
yaṃ kho	238
arahato sammāsambuddha	237
āpatti pārājika	237
āpatti pārājikassa	237
arahato sammāsambuddhassa	237
pana te	236
ahaṃ bhante	236
tumhe bhikkhave	236
kho gahapati	236
paccassosi bhagavā	236
na taṃ	236
pana te	236
ahaṃ bhante	236
tumhe bhikkhave	236
a ni	233
a ni	233
tatra kho	232
viharati pe	232
tatra kho	232
ekamantaṃ nisīdiṃsu	232
vā anicca	231
bhikkhave tathāgata	230
anicca vāti	229
nivāsetvā pattacīvaramādāya	229
hoti so	229
hoti so	229
nivāsetvā pattacīvaramādāya	229
pubbaṇhasamayaṃ nivāsetvā	228
kaṃ ka	228
kaṃ ka	228
taṃ suṇātha	228
pubbaṇhasamayaṃ nivāsetvā	228
vā dukkhaṃ	227
vāti anicca	227
cetovimutti paññāvimutti	227
vā dukkhaṃ	227
cetovimuttiṃ paññāvimuttiṃ	227
vā pana	226
ṭhānaṃ vijjati	226
vā pana	226
ṭhānaṃ vijjati	226
vijjati yaṃ	225
saṃsandati sameti	225
chabbaggiyā bhikkhū	225
vijjati yaṃ	225
pahīna hoti	224
bhagavā bhikkhū	224
sakka devānaminda	224
yo so	224
vā taṃ	224
vā taṃ	224
bhagavā bhikkhū	224
yo so	224
yathābhūtaṃ nappajānāti	224
bhagavato etamatthaṃ	223
bhagavato etamatthaṃ	223
anicca bhante	221
etamatthaṃ ārocesuṃ	221
samayena aññataro	221
santo saṃvijjamāna	220
so kho	220
so kho	220
hoti parañca	219
kho etaṃ	219
katame pañca	219
bhikkhave bhikkhuniyo	219
hoti parañca	219
kho etaṃ	219
iti paṭisañcikkhati	218
iti paṭisañcikkhati	218
kho tvaṃ	217
kho tvaṃ	217
addasā kho	216
addasā kho	216
āyasmantaṃ ānandaṃ	215
aṭṭhaṅgika maggo	214
kiṃ pana	214
sikkhāpadaṃ uddiseyyātha	214
kiṃ pana	214
aṭṭhaṅgiko maggo	214
imasmiṃ attha	213
attha adhippeta	213
imasmiṃ atthe	213
saṃsandanti samenti	213
ariyo aṭṭhaṅgiko	213
idamavoca bhagavā	212
idamavoca bhagavā	212
so taṃ	210
nissaggiya pācittiya	210
bhikkhave dhammā	210
so taṃ	210
yādisa pe	209
ayaṃ imasmiṃ	209
yaṃ kiñci	209
bhikkhave ariyasāvako	209
ayaṃ imasmiṃ	209
yaṃ kiñci	209
so ca	208
so ca	208
bhante yaṃ	207
bhante yaṃ	207
sabbe te	206
sabbe te	206
yathābhataṃ nikkhitta	205
nikkhitta evaṃ	205
caparaṃ āvuso	205
tatra bhikkhave	205
virāga nirodha	205
pasenadi kosalo	205
caparaṃ āvuso	205
tatra bhikkhave	205
tā bhikkhunī	204
tā bhikkhuniyo	204
nissaggiyaṃ pācittiyaṃ	204
hi keci	203
viharati so	203
yadi vā	203
yo kho	203
bhagavato bhāsita	203
hi keci	203
yo kho	203
yadi vā	203
viharati ātāpī	203
satta bojjhaṅga	202
ekamantaṃ ṭhita	202
paccaya yena	202
paccayo yena	202
citta na	201
saddhiṃ saṃsandati	201
akusalānaṃ dhammānaṃ	201
bhikkhave bhikkhū	200
vata me	200
catutthaṃ jhāna	200
catutthaṃ jhānaṃ	200
vata me	200
bhikkhave bhikkhū	200
evaṃ bhante	199
dhamma desita	199
pāṇātipāta paṭivirata	199
evaṃ bhante	199
kata karaṇīya	198
tassa evaṃ	198
karaṇīya nāpara	198
ko paccaya	198
hetu ko	198
jāti vusita	198
vusita brahmacariyaṃ	198
khīṇa jāti	198
vusitaṃ brahmacariyaṃ	198
kataṃ karaṇīyaṃ	198
tassa evaṃ	198
karaṇīyaṃ nāparaṃ	198
ko paccayo	198
jāti vusitaṃ	198
hetu ko	198
khīṇā jāti	198
tassa taṃ	197
anāpatti bhikkhu	197
brahmacariyaṃ kata	197
te bhikkhave	197
tassa taṃ	197
saddhiṃ saṃsandanti	197
anāpatti bhikkhu	197
te bhikkhave	197
brahmacariyaṃ kataṃ	197
ātāpī pahitatta	196
na jānāti	196
bhagavato paccassosuṃ	196
cittaṃ na	196
loka upapajjati	195
hoti ayaṃ	195
ye hi	195
ṭhita kho	195
hoti ayaṃ	195
ye hi	195
āsavānaṃ khayā	195
ekamantaṃ nisinnaṃ	195
nisinnaṃ kho	195
bhagavā avoca	194
so tena	194
idaṃ kho	194
so tena	194
bhagavato bhāsitaṃ	194
bhagavā avoca	194
idaṃ kho	194
kho gahapati	193
yaṃ panāniccaṃ	192
yaṃ panāniccaṃ	192
te ca	191
saccaṃ moghamaññanti	191
idameva saccaṃ	191
idameva saccaṃ	191
saccaṃ moghamaññanti	191
na me	190
na na	190
na na	190
na me	190
paccassosuṃ bhagavā	190
imasmiṃ dhammavinaya	189
te ca	189
saddhiṃ sammodi	189
bhikkhave pañca	189
imasmiṃ dhammavinaye	189
imesaṃ kho	188
bhagavā arahaṃ	188
imesaṃ kho	188
santo saṃvijjamānā	188
bhagavā arahaṃ	188
netaṃ mama	186
kiṃ maññatha	186
netaṃ mama	186
sammodi sammodanīyaṃ	186
panāniccaṃ dukkhaṃ	185
panāniccaṃ dukkhaṃ	185
viharati so	185
āpatti thullaccaya	184
mama nesohamasmi	183
mama nesohamasmi	183
rājā pasenadi	182
bhikkhu na	182
mayaṃ bhante	182
nesohamasmi na	182
niraya upapajjati	182
nesohamasmi na	182
rājā pasenadi	182
mayaṃ bhante	182
meso attāti	181
na meso	181
na meso	181
meso attāti	181
saññā saṅkhāra	180
vā attānaṃ	180
sukhaṃ vā	180
dhammiyā kathāya	180
dhammiyā kathāya	180
vā attānaṃ	180
sukhaṃ vā	180
katama dve	179
pajānāti ayaṃ	179
ka sī	179
ka sī	179
ahaṃ kho	178
dhamma parihāyati	178
ahaṃ kho	178
rājagaha viharati	177
neva hoti	177
keci bhikkhave	177
saṃyojana parikkhaya	177
vā adukkhamasukha	177
adukkhamasukha vā	177
bhikkhu evaṃ	177
adukkhamasukhaṃ vā	177
vā adukkhamasukhaṃ	177
keci bhikkhave	177
neva hoti	177
bhikkhu na	177
saṃyojanānaṃ parikkhayā	177
sī ka	176
dhamma pe	176
puggala santo	176
no bhante	176
sī ka	176
no bhante	176
pe anāpatti	175
hoti atha	175
bhonto samaṇabrāhmaṇā	175
anāsava cetovimutti	175
bhonto samaṇabrāhmaṇā	175
hoti atha	175
pe anāpatti	175
anāsavaṃ cetovimuttiṃ	175
dutiyampi kho	174
dutiyaṃ jhāna	174
khaya anāsava	174
visuddha atikkantamānusaka	174
aparena samaya	174
evametaṃ yathābhūtaṃ	174
kho mahārāja	174
sutavant ariyasāvaka	174
dhamma dhammānupassī	174
evametaṃ yathābhūtaṃ	174
pajānāti ayaṃ	174
dutiyaṃ jhānaṃ	174
kho mahārāja	174
khayā anāsavaṃ	174
dutiyampi kho	174
piyarūpa kāmūpasaṃhita	173
nikkhitto evaṃ	173
upasaṅkamitvā āyasmantaṃ	173
yathābhataṃ nikkhitto	173
aparena samayena	173
padakkhiṇaṃ katvā	172
ummattaka ādikammikassāti	172
yathā taṃ	172
kāmūpasaṃhita rajanīya	172
padakkhiṇaṃ katvā	172
āpatti thullaccayassa	172
ummattakassa ādikammikassāti	172
yathā taṃ	172
appamatta ātāpī	171
iti vā	171
bhikkhave cattāro	171
paññāvimutti diṭṭheva	171
iti vā	171
paññāvimuttiṃ diṭṭheva	171
bhikkhave cattāro	171
satthā devamanussā	170
so tattha	170
idaṃ dukkhanti	170
paṭipanna hoti	170
devamanussā buddha	170
tasmātiha bhikkhave	170
tasmātiha bhikkhave	170
satthā devamanussānaṃ	170
so tattha	170
na maññati	170
devamanussānaṃ buddho	170
idaṃ dukkhanti	170
paññatta āsana	169
vematika āpatti	169
deva tāvatiṃsa	169
so purisa	169
so puriso	169
paññatte āsane	169
deva sahabyatā	168
ime dhamma	168
bhagavato santike	168
vadamāna vadeyya	168
vīriya ārabhati	168
anekavihita pubbenivāsa	168
evaṃvādī evaṃdiṭṭhī	168
bhagavato santike	168
anekavihitaṃ pubbenivāsaṃ	168
katamehi pañcahi	168
vadamāno vadeyya	168
devānaṃ sahabyataṃ	168
bhagavā tenupasaṅkamiṃsu	168
pana bhikkhu	167
dukkhanirodhagāmī paṭipadāti	167
cattāro satipaṭṭhāna	167
hoti tassa	167
saṅkhāra viññāṇa	167
abhivādetvā padakkhiṇaṃ	167
āvuso sāriputta	167
āyasmā ca	167
hoti tassa	167
abhivādetvā padakkhiṇaṃ	167
dukkhanirodhagāminī paṭipadāti	167
āvuso sāriputta	167
āyasmā ca	167
assosuṃ kho	166
sādhukaṃ manasi	166
pe na	166
ayaṃ dukkhanirodhagāmī	166
kusalānaṃ dhamma	166
sādhukaṃ manasi	166
ayaṃ dukkhanirodhagāminī	166
puggalā santo	166
assosuṃ kho	166
pe na	166
kusalānaṃ dhammānaṃ	166
evaṃ passaṃ	165
evaṃ passaṃ	165
paṭipanno hoti	165
no hidaṃ	164
ca pahāna	164
dhammesu dhammānupassī	164
no hidaṃ	164
pana bhikkhu	164
abhikkantaṃ bho	163
bhagavato arahato	163
dhammā parihāyanti	163
abhikkantaṃ bho	163
bhagavato arahato	163
yā ca	162
kho sā	162
panetaṃ vutta	162
dhamma na	162
kāye kāyānupassī	162
iti me	162
pubbenivāsa anussarati	162
ayampi dhamma	162
kho sā	162
panetaṃ vuttaṃ	162
ayampi dhammo	162
iti me	162
yā ca	162
dhamma ca	161
kevala dukkhakkhandha	161
dhamma abhivaḍḍhati	161
me attāti	161
ayampi kho	161
tatiyaṃ jhāna	161
sādhu sādhu	161
yā tā	161
me attāti	161
rājagahe viharati	161
ayampi kho	161
yā tā	161
kevalassa dukkhakkhandhassa	161
tatiyaṃ jhānaṃ	161
niccaṃ vā	160
orambhāgiya saṃyojana	160
ca te	160
nāma bhikkhave	160
ca te	160
aniccaṃ vāti	160
ca pahānā	160
niccaṃ vā	160
nāma bhikkhave	160
vāti aniccaṃ	160
vā aniccaṃ	160
vā na	159
pana bho	159
bhante bhagavato	159
puṭṭha samāna	159
kho rājā	159
so kāya	159
kho rājā	159
bhikkhave pañcahi	159
pana bho	159
pañcahi dhammehi	159
vā na	159
bhante bhagavato	159
sammā vadamāna	158
tatiyampi kho	158
dukkaṭa anāpatti	158
dhammānupassī viharati	158
sādhu sādhu	158
tatiyampi kho	158
dukkaṭassa anāpatti	158
thullanandā bhikkhunī	157
evaṃ jānāti	157
assa na	157
hoti imehi	157
assa na	157
hoti imehi	157
yasmiṃ samaya	156
imā kho	156
imā kho	156
yasmiṃ samaye	156
nisīdiṃsu ekamantaṃ	156
te na	155
itipi so	155
suṇāti sādhukaṃ	155
bhāveti vivekanissita	155
tañca pajānāti	155
te na	155
itipi so	155
bhāveti vivekanissitaṃ	155
bhaṇanta āpatti	154
bhikkhave dve	154
bhikkhave dve	154
aniccaṃ bhante	154
thullanandā bhikkhunī	154
bhaṇantassa āpatti	154
ye keci	153
loka katama	153
ye keci	153
vuttā bhagavatā	153
na passati	152
yato ca	152
aveccappasāda samannāgata	152
bhavantaṃ gotama	152
yato ca	152
bhikkhu evaṃ	152
bhavantaṃ gotamaṃ	152
kāye kāyānupassī	152
yathā ca	151
bhagavā āyasmant	151
taṃ citta	151
thera bhikkhū	151
yathā ca	151
samaṇassa gotamassa	151
atthi bhikkhave	150
bhante bhagavatā	150
yo pana	150
bhante bhagavatā	150
pāṇātipātā paṭivirato	150
atthi bhikkhave	150
yo pana	150
bhante pe	149
bhikkhave appasanna	149
kira bhikkhave	149
cattārome bhikkhave	149
pe sammāsamādhi	149
vivicceva kāmehi	149
netaṃ bhikkhave	149
bhikkhave appasannānaṃ	149
cattārome bhikkhave	149
netaṃ bhikkhave	149
kira bhikkhave	149
taṃ cittaṃ	149
bhante pe	149
vivicceva kāmehi	149
aññatitthiyā paribbājakā	149
pajānāti evaṃ	148
sādhu kho	148
dukkha vedanā	148
atha ca	148
vutto bhagavatā	148
atha ca	148
sādhu kho	148
ṭhānaṃ kho	147
hoti evaṃ	147
bhagavā rājagaha	147
hoti musā	147
āyasmant sāriputta	147
dibba cakkhu	147
samayena āyasmā	147
hoti musā	147
hoti evaṃ	147
bhagavā rājagahe	147
ṭhānaṃ kho	147
dukkhā vedanā	147
cakkhu visuddha	146
cakkhunā visuddhena	146
vedanā pe	145
bhagavatā saddhiṃ	145
citta hoti	145
bhagavatā dhamma	145
dibbena cakkhunā	145
bhagavatā saddhiṃ	145
cittaṃ hoti	145
visuddhena atikkantamānusakena	145
kāyānupassī viharati	144
bhikkhu bhagavant	144
iti yaṃ	144
te ujjhāyanti	144
cittanti pajānāti	144
bhagavā āyasmantaṃ	144
te ujjhāyanti	144
iti yaṃ	144
bhante evaṃ	143
ye kho	143
na upeti	143
hoti tañca	143
nu taṃ	143
bhante evaṃ	143
nu taṃ	143
ye kho	143
hoti tañca	143
dhammā abhivaḍḍhanti	143
bhikkhave sattā	142
maññati bhikkhave	142
kho āyasmato	142
ma ni	142
te dhamma	142
bhikkhave sattā	142
brāhmaṇo vā	142
bhikkhu bhagavantaṃ	142
ma ni	142
kho āyasmato	142
sammā vadamāno	142
sutavā ariyasāvako	142
maññatha bhikkhave	142
dukkaṭa pe	141
taṃ bhikkhuṃ	141
uppajjati vedayita	141
idametaṃ paṭicca	141
te samaṇabrāhmaṇā	141
uppajjati vedayitaṃ	141
taṃ bhikkhuṃ	141
idametaṃ paṭicca	141
te samaṇabrāhmaṇā	141
saṃvijjamāna loka	140
kālena kāla	140
buddha bhagavāti	140
pañca bhikkhave	140
bhikkhave vipassī	140
ime dhammā	140
buddho bhagavāti	140
kālena kālaṃ	140
pajānāti evaṃ	140
vaṇṇa bhāsati	139
pañcime bhikkhave	139
bhikkhū appiccha	139
vā āpatti	139
vedayita sukhaṃ	139
pajānāti yathā	139
bhikkhave tathāgato	139
bhikkhū appicchā	139
vedayitaṃ sukhaṃ	139
pañcahi bhikkhave	139
pañcime bhikkhave	139
taṃ vutta	138
uppanna ca	138
dhamma pahāna	138
taṃ vuttaṃ	138
idhāvuso bhikkhu	137
bhāsissāmīti evaṃ	137
pe te	137
iti puṭṭha	137
khalu bho	137
bhikkhunī imaṃ	137
eke samaṇabrāhmaṇā	137
atthi kho	137
adukkhamasukha vedanā	137
viharati ayaṃ	137
bhāsissāmīti evaṃ	137
atthi kho	137
pe te	137
khalu bho	137
idhāvuso bhikkhu	137
pajānāti yathā	137
puṭṭho samāno	137
bhagavā attamana	136
virāganissita nirodhanissita	136
nāhaṃ bhikkhave	136
vivekanissita virāganissita	136
parisuddha brahmacariyaṃ	136
āsana nisīdi	136
bhikkhave ye	136
vivekanissitaṃ virāganissitaṃ	136
virāganissitaṃ nirodhanissitaṃ	136
samaṇo vā	136
bhikkhave ye	136
parisuddhaṃ brahmacariyaṃ	136
nāhaṃ bhikkhave	136
iṭṭha kantā	135
tena bhagavatā	135
uppanna vā	135
cetasā ceto	135
pharitvā viharati	135
mahapphala hoti	135
dhammānupassī viharati	135
tena bhagavatā	135
cetasā ceto	135
iṭṭhā kantā	135
evametassa kevala	134
māra pāpimant	134
ceto paricca	134
samaya chabbaggiya	134
kantā manāpa	134
samāraka sabrahmaka	134
vedanā saññā	134
nirodhanissita vossaggapariṇāmī	134
etaṃ mama	134
pahitatta viharanta	134
vācāya paṭivirata	134
tañca pajānāti	134
virāgāya nirodhāya	134
bhikkhuniyo imaṃ	134
evametassa kevalassa	134
ceto paricca	134
sikkhāpadaṃ uddisantu	134
kantā manāpā	134
nirodhanissitaṃ vossaggapariṇāmiṃ	134
akusalehi dhammehi	134
etaṃ mama	134
eke samaṇabrāhmaṇā	134
sabrahmaka sassamaṇabrāhmaṇa	133
bhikkhave samaṇa	133
attāti evametaṃ	133
cetasā viharati	133
eso me	133
eso me	133
viharati ayaṃ	133
attāti evametaṃ	133
samayena chabbaggiyā	133
avoca tatthetaṃ	132
pana tvaṃ	132
etamatthaṃ bhagavā	132
anuppanna vā	132
sattā ye	132
chando pahātabba	132
nisinna hoti	132
sattā ye	132
etamatthaṃ bhagavā	132
vā āpatti	132
chando pahātabbo	132
katame dve	132
avoca tatthetaṃ	132
pana tvaṃ	132
evampi kho	131
bhikkhave satta	131
sampajānamusā bhaṇanta	131
yasmā ca	131
katama nu	131
sampajānamusā bhaṇantassa	131
vā brāhmaṇo	131
yasmā ca	131
evampi kho	131
diṭṭhi uppajjati	130
ambho purisa	130
ekamantaṃ aṭṭhāsi	130
moghapurisa appasanna	130
samudayañca atthaṅgamañca	130
adinnādāna paṭivirata	130
bhante taṃ	130
seyyathidaṃ sammādiṭṭhi	130
dve vassa	130
netaṃ moghapurisa	130
bhante taṃ	130
ambho purisa	130
dve vassāni	130
samudayañca atthaṅgamañca	130
uddisati yo	129
yā pana	129
atthāya hitāya	129
vācāya vācāya	129
āpatti vācāya	129
esohamasmi eso	129
mama esohamasmi	129
tayo dhamma	129
ekamantaṃ aṭṭhāsi	129
uddiseyyātha yo	129
āpatti vācāya	129
esohamasmi eso	129
atthāya hitāya	129
vācāya vācāya	129
yā pana	129
mama esohamasmi	129
acchariya abbhuta	128
lokoti vā	128
balavant purisa	128
dhammī kathaṃ	128
evaṃ diṭṭhi	128
taṃ me	128
ajjatagge pāṇupeta	128
arahatā sammāsambuddha	128
evaṃ diṭṭhi	128
taṃ me	128
arahatā sammāsambuddhena	128
lokoti vā	128
sakko devānamindo	128
bhikkhave samaṇā	128
dhammiṃ kathaṃ	128
katama cha	127
pācittiya upasampanna	127
assutavant puthujjana	127
katama satta	127
pana bhikkhunī	127
abbhuta dhamma	127
no āvuso	127
nisinno hoti	127
seyyathidaṃ sammādiṭṭhi	127
vīriyaṃ ārabhati	127
no āvuso	127
aveccappasādena samannāgato	127
dve dhamma	126
yaṃ tvaṃ	126
pāṇupeta saraṇa	126
yathayidaṃ bhikkhave	126
pana so	126
pisuṇa vācāya	126
yathayidaṃ bhikkhave	126
yaṃ tvaṃ	126
pana so	126
pisuṇāya vācāya	126
āmasati āpatti	125
ca naṃ	125
ce bhikkhave	125
anāpatti anāpatti	125
vivekaja pītisukha	125
udānaṃ udānesi	125
ce bhikkhave	125
udānaṃ udānesi	125
āmasati āpatti	125
ca naṃ	125
anāpatti anāpatti	125
bhikkhave rañño	124
anuttara puññakkhetta	124
pharusa vācāya	124
ko pana	124
tassa bhagavato	124
ko pana	124
katamāni pañca	124
pharusāya vācāya	124
bhikkhave rañño	124
tassa bhagavato	124
anuttaraṃ puññakkhettaṃ	124
hi nāma	123
samāhita citta	123
parisuddha pariyodāta	123
kho panāhaṃ	123
hi bho	123
ca loka	123
uddisati yā	123
hoti yaṃ	123
hi bho	123
dhammānaṃ pahānāya	123
vaṇṇaṃ bhāsati	123
hoti yaṃ	123
kho panāhaṃ	123
uddisantu yā	123
so kāyassa	123
evaṃvādino evaṃdiṭṭhino	123
evaṃ jānāti	123
hi nāma	123
tathāgatappavedita dhammavinaya	122
yassa kassaci	122
vā so	122
bhāvitatta bahulīkatatta	122
pañcannaṃ orambhāgiya	122
kiñcetaṃ paṭicca	122
rūpa passati	122
anagāriyaṃ pabbajita	122
bhikkhave pe	122
me bhikkhave	122
te gahapati	122
bahulaṃ viharati	122
pacchābhattaṃ piṇḍapātapaṭikkanta	122
vā so	122
yassa kassaci	122
āsane nisīdi	122
kiñcetaṃ paṭicca	122
pañcannaṃ orambhāgiyānaṃ	122
bhāvitattā bahulīkatattā	122
orambhāgiyānaṃ saṃyojanānaṃ	122
bhikkhave pe	122
me bhikkhave	122
kho aññatara	121
kho maṃ	121
paṭipadāti yathābhūtaṃ	121
anuttara yogakkhema	121
manāpa piyarūpa	121
dukkhaṃ domanassa	121
samaṇabrāhmaṇā evaṃvādī	121
sattā kāya	121
me citta	121
tāyaṃ velā	121
pana bhikkhunī	121
pubbenivāsaṃ anussarati	121
tāyaṃ velāyaṃ	121
dukkhaṃ domanassaṃ	121
sattā kāyassa	121
kho maṃ	121
paṭipadāti yathābhūtaṃ	121
samādapeti attanā	120
iti vuccati	120
bhikkhave idhekacca	120
yepi te	120
bhiyyobhāva vepulla	120
samādapeti attanā	120
te gahapati	120
yepi te	120
iti vuccati	120
bhiyyobhāvāya vepullāya	120
katama tayo	119
āyasmā mahāmoggallāna	119
dukkha tibba	119
aṭṭhāsi ekamantaṃ	119
nissaraṇañca yathābhūtaṃ	119
attato samanupassati	119
ca bhikkhu	119
kāyānupassī viharati	119
nissaraṇañca yathābhūtaṃ	119
me cittaṃ	119
katame tayo	119
pāṇupetaṃ saraṇaṃ	119
āyasmā mahāmoggallāno	119
attato samanupassati	119
saṃvattati puna	118
vā bāhā	118
purisa vā	118
vutta idametaṃ	118
evaṃ puṭṭha	118
ca viharati	118
kho vaccha	118
piṇḍāya pāvisi	118
kho mārisa	118
saṃvijjamānā lokasmiṃ	118
samaṇabrāhmaṇā evaṃvādino	118
kho vaccha	118
vuttaṃ idametaṃ	118
saṃvattati puna	118
ajjatagge pāṇupetaṃ	118
aṭṭhāsi ekamantaṃ	118
pañca kāmaguṇa	117
buddha aveccappasāda	117
musāvāda paṭivirata	117
nigaṇṭha nāṭaputta	117
brāhmaṇa bhagavant	117
tā ujjhāyanti	117
upasaṅkamitvā bhagavatā	117
sammādiṭṭhi pe	117
hoti tena	117
upasaṅkamitvā bhagavatā	117
ekamantaṃ nisinnā	117
tā ujjhāyanti	117
hoti tena	117
nisinnā kho	117
vā bāhaṃ	117
katame ca	117
evañhi vo	116
bhikkhunī appiccha	116
ayampi attha	116
me sutanti	116
iti viditvā	116
evaṃ sikkhitabba	116
pe tā	116
samaṇa khalu	116
pañca idha	116
vā te	116
vā tampi	116
dhāretu ajjatagge	116
balavā puriso	116
evaṃ sikkhitabbaṃ	116
dhāretu ajjatagge	116
iti viditvā	116
manasi karoti	116
ayampi attho	116
evañhi vo	116
bhikkhuniyo appicchā	116
vā tampi	116
pe tā	116
vā te	116
cetasā viharati	116
me sutanti	116
ummattikāya ādikammikāyāti	115
āyasmato sāriputta	115
ādīnavañca nissaraṇañca	115
yā panāti	115
upasaṅkamitvā paññatta	115
upasaṅkamitvā paññatte	115
ummattikāya ādikammikāyāti	115
anagāriyaṃ pabbajito	115
ādīnavañca nissaraṇañca	115
āyasmato sāriputtassa	115
yā panāti	115
saṅkhaṃ gacchati	114
pe āpatti	114
vitakkavicārā vūpasama	114
yā yādisa	114
kesamassu ohāretvā	114
saṃ ni	114
hoti seyyathāpi	114
sace kho	114
na ceva	114
panāti yā	114
kesamassuṃ ohāretvā	114
na ceva	114
bhagavantaṃ etadavocuṃ	114
saṅkhaṃ gacchati	114
vitakkavicārānaṃ vūpasamā	114
yā yādisā	114
saṃ ni	114
panāti yā	114
sace kho	114
hoti seyyathāpi	114
brāhmaṇo bhagavantaṃ	114
assādañca ādīnavañca	113
pe evaṃ	113
attamana hoti	113
attha vutta	113
kāsāya vattha	113
na te	113
itthattāyāti pajānātīti	113
cha dhamma	113
assasissāmīti sikkhati	113
te bhonto	113
citta pariyādāya	113
bhagavato sāvakasaṅgha	113
bhagavatā iti	113
pe evaṃ	113
atthe adhippetā	113
itthattāyāti pajānātīti	113
attho vutto	113
āyasmantaṃ sāriputtaṃ	113
assādañca ādīnavañca	113
na te	113
yādisā pe	113
te bhonto	113
cittaṃ pariyādāya	113
nirayaṃ upapajjati	113
bhagavatā iti	113
assasissāmīti sikkhati	113
bhagavato sāvakasaṅgho	113
kāsāyāni vatthāni	113
sambahula bhikkhū	112
bhagavatā jānatā	112
vattha acchādetvā	112
tato cuta	112
dī ni	112
tatthetaṃ iti	112
bhagavatā vuttamarahatāti	112
me ajjhattaṃ	112
vuttamarahatāti me	112
saṃvattati katama	112
maṃ etadavoca	112
adhippeta bhikkhunīti	112
dveme bhikkhave	112
sikkhāpada paññatta	112
vuttañhetaṃ bhagavatā	112
passasissāmīti sikkhati	112
dī ni	112
vuttamarahatāti me	112
vuttañhetaṃ bhagavatā	112
tatthetaṃ iti	112
sikkhāpadaṃ paññattaṃ	112
vatthāni acchādetvā	112
passasissāmīti sikkhati	112
adhippetā bhikkhunīti	112
me ajjhattaṃ	112
bhagavatā jānatā	112
bhagavatā vuttamarahatāti	112
dveme bhikkhave	112
santi bhikkhave	111
pe bhikkhunīti	111
appeva nāma	111
ohāretvā kāsāya	111
bhikkhunīti pe	111
sukha ca	111
pe bhikkhunīti	111
na upeti	111
vematiko āpatti	111
bhikkhave idhekacco	111
ca bhikkhu	111
dve dhammā	111
bhikkhunīti pe	111
santi bhikkhave	111
pharitvā viharati	111
iti puṭṭho	111
sammādiṭṭhi pe	111
ohāretvā kāsāyāni	111
dhamma bhāvetabba	110
dukkhaṃ vipariṇāmadhamma	110
ayaṃ paccaya	110
kho panassa	110
hetu ayaṃ	110
sahabyatā upapajjati	110
pārājika dhamma	110
dukkhaṃ vipariṇāmadhammaṃ	110
kho panassa	110
therā bhikkhū	110
ayaṃ paccayo	110
hetu ayaṃ	110
sampajānakārī hoti	109
sato sampajāna	109
gijjhakūṭa pabbata	109
yampi bhikkhave	109
acchādetvā agāra	109
bhikkhave deseti	109
ca dhamma	109
āmantesi bhikkhavoti	109
evaṃ niraya	109
cattāro idha	109
loka ca	109
kathaṃ pana	109
dānaṃ deti	109
dānaṃ deti	109
kathaṃ pana	109
evaṃ niraye	109
yampi bhikkhave	109
acchādetvā agārasmā	109
sato sampajāno	109
sampajānakārī hoti	109
bhikkhave desessāmi	109
cattāro idha	109
āmantesi bhikkhavoti	109
vācāya paṭivirato	109
passanta arahatā	108
aṅgehi samannāgata	108
chandaṃ janeti	108
jānatā passanta	108
pāda sirasā	108
pāpakānaṃ akusalānaṃ	108
jānatā passatā	108
passatā arahatā	108
buddhe aveccappasādena	108
ime pañca	107
ñāṇa hoti	107
ariya vinaye	107
iddhipāda bhāveti	107
sadevaka loka	107
saraṇa gatanti	107
kho vāseṭṭha	107
sace pana	107
khiyyanta vipācenta	107
tassa te	107
atthi me	107
ujjhāyanta khiyyanta	107
dhammā bhāvetabbā	107
manasi karotha	107
ime pañca	107
iddhipādaṃ bhāveti	107
sace pana	107
saraṇaṃ gatanti	107
ariyassa vinaye	107
tassa te	107
ñāṇaṃ hoti	107
atthi me	107
loko ca	107
vā purisa	106
tālāvatthukata anabhāvaṃkata	106
sevato akusala	106
na so	106
ahaṃ bhikkhave	106
aparisesa nirujjhati	106
tena ca	106
vipula mahaggata	106
mārisa moggallāna	106
viharati veḷuvana	106
mayhaṃ bhante	106
na so	106
manāpā piyarūpā	106
mayhaṃ bhante	106
ahaṃ bhikkhave	106
sevato akusalā	106
rūpāni passati	106
mārisa moggallāna	106
bahulaṃ viharāmi	106
na vijjati	105
bhāsitā hoti	105
kho mahānāma	105
so na	105
bhadanteti te	105
ehi tvaṃ	105
citta upakkilesa	105
ime cattāro	105
ajjhattaṃ vā	105
evaṃ so	105
appeva nāma	105
so na	105
bhadanteti te	105
ehi tvaṃ	105
evaṃ so	105
ime cattāro	105
ajjhattaṃ vā	105
bhāsitā hoti	105
bhikkhave aññaṃ	104
idaṃ bhikkhave	104
pe katama	104
evaṃ vadāmi	104
bhikkhave purisa	104
savitakka savicāra	104
rañño nāga	104
anāthapiṇḍika gahapati	104
veḷuvana kalandakanivāpa	104
mahaggata appamāṇa	104
bhagavatā saṃkhittena	104
bhikkhave evaṃ	104
nissaraṇa yathābhūtaṃ	104
citta vimuccati	104
bhikkhavoti bhadanteti	104
tatra te	104
yathā kathaṃ	104
bhante dhamma	104
saṃkhittena bhāsita	104
velā imaṃ	104
bhikkhave evaṃ	104
idaṃ bhikkhave	104
tatra te	104
piyarūpā kāmūpasaṃhitā	104
bhagavatā saṃkhittena	104
kāmūpasaṃhitā rajanīyā	104
tato cuto	104
samaṇaṃ gotamaṃ	104
sambahulā bhikkhū	104
velāyaṃ imaṃ	104
bhikkhave aññaṃ	104
bhikkhavoti bhadanteti	104
chandaṃ janeti	104
yathā kathaṃ	104
kho mārisa	104
viharati veḷuvane	104
suṇātha sādhukaṃ	104
na vijjati	104
evaṃ vadāmi	104
kittāvatā nu	103
uppajjamāna uppajjati	103
evaṃ sante	103
methuna dhamma	103
yathākammūpaga satta	103
kho taṃ	103
bhante bhikkhu	103
samannāgata ariya	103
ceteti upakkamati	103
imaṃ udānaṃ	103
ca paṇītatara	103
yā kāci	103
saṃkhittena bhāsitassa	103
yā kāci	103
kittāvatā nu	103
pahīno hoti	103
imaṃ udānaṃ	103
kho taṃ	103
ceteti upakkamati	103
evaṃ sante	103
yathākammūpage satte	103
aññatitthiyānaṃ paribbājakānaṃ	103
nibbidā virāga	102
vivicca akusala	102
kāmehi vivicca	102
bhikkhusaṅgha saddhiṃ	102
dīgharattaṃ hitāya	102
atta ca	102
mahatā bhikkhusaṅgha	102
attā ca	102
mahatā bhikkhusaṅghena	102
vivicca akusalehi	102
cittaṃ vimuccati	102
dīgharattaṃ hitāya	102
kāmehi vivicca	102
dhammaṃ desitaṃ	102
satta bojjhaṅge	102
bhikkhusaṅghena saddhiṃ	102
sakkatvā garu	101
ṭhānametaṃ vijjati	101
so tato	101
taṃ bhikkhave	101
sāttha sabyañjana	101
vā bhikkhave	101
garu katvā	101
nisīdi atha	101
chasu dhamma	101
kata hoti	101
dukkhanti yathābhūtaṃ	101
lokasmiṃ katame	101
vā bhikkhave	101
dukkhanti yathābhūtaṃ	101
so tato	101
garuṃ katvā	101
ca loko	101
bhikkhave vipassissa	101
chasu dhammesu	101
savitakkaṃ savicāraṃ	101
taṃ bhikkhave	101
veḷuvane kalandakanivāpe	101
kho aññataro	101
ṭhānametaṃ vijjati	101
samāhite citte	101
sakkatvā garuṃ	101
akicchalābhī akasiralābhī	100
te kāya	100
ca uppajjati	100
muccati āpatti	100
gāma vā	100
upāsaka maṃ	100
etadavoca idha	100
vutta kiñcetaṃ	100
bhikkhu pe	100
te deva	100
uppajjati uppanna	100
loka samāraka	100
atta hoti	100
katama catūhi	100
pakkāmi atha	100
attā hoti	100
vuttaṃ kiñcetaṃ	100
muccati āpatti	100
pakkāmi atha	100
parisuddhe pariyodāte	100
bhante bhikkhu	100
tena ca	100
evaṃ bhāvita	99
bhagavā etamatthaṃ	99
khīṇāsava bhikkhu	99
samaya sambahula	99
anabhāvaṃkata āyatiṃ	99
bhikkhave tayo	99
te chando	99
seyyathāpi āvuso	99
ahitāya dukkhāya	99
pañcimāni bhikkhave	99
tathā tathā	99
dhamma savitakka	99
paraṃ vambheti	99
nāma bhikkhunī	99
bahiddhā vā	99
ettāvatā kho	99
ahitāya dukkhāya	99
dhammehi savitakkaṃ	99
khīṇāsavo bhikkhu	99
vipulena mahaggatena	99
bahiddhā vā	99
samayaṃ āyasmā	99
tathā tathā	99
te chando	99
bhagavā etamatthaṃ	99
bhikkhave tayo	99
vivekajaṃ pītisukhaṃ	99
assutavā puthujjano	99
upāsakaṃ maṃ	99
paraṃ vambheti	99
pañcimāni bhikkhave	99
ettāvatā kho	99
seyyathāpi āvuso	99
so iti	98
samaṇa sakyaputtiya	98
paro loka	98
bhikkhu kāye	98
taṃ sukhaṃ	98
bhikkhu sabbaso	98
so evamāha	98
pītisukha paṭhamaṃ	98
savicāra vivekaja	98
ānanda bhikkhu	98
janeti vāyamati	98
panta senāsana	98
appamāṇa avera	98
paribbājaka evaṃ	98
appahāya taṃ	98
atthaṅgamañca assādañca	98
sāratta ca	98
kho sambahula	98
bhikkhave samaya	98
yo panāti	98
paccavekkhamāna evaṃ	98
agāra ajjhāvasati	98
pītisukhaṃ paṭhamaṃ	98
so iti	98
katamehi catūhi	98
taṃ sukhaṃ	98
mahaggatena appamāṇena	98
paro loko	98
atthaṅgamañca assādañca	98
yo panāti	98
savicāraṃ vivekajaṃ	98
bhikkhu sabbaso	98
na passati	98
pantāni senāsanāni	98
appamāṇena averena	98
paccavekkhamāno evaṃ	98
bhikkhu kāye	98
so evamāha	98
ca uppajjati	98
appahāya taṃ	98
ṭhāna pāsaṃsa	97
jānāti na	97
yo yādisa	97
yo hi	97
na sevitabba	97
vipassī bodhisatta	97
ādikalyāṇa majjhekalyāṇa	97
taṃ kho	97
sāvatthī piṇḍāya	97
pācittiyanti yā	97
kho mayaṃ	97
adhippeta bhikkhūti	97
evaṃ samāhita	97
hoti idaṃ	97
taṃ na	97
bhikkhuṃ etadavoca	97
panāti yo	97
ariyakanta sīla	97
vā pe	97
aroga paraṃ	97
gāthāya ajjhabhāsi	97
taṃ kho	97
ca viharati	97
taṃ na	97
evaṃ samāhite	97
gāthāya ajjhabhāsi	97
yo yādiso	97
panāti yo	97
kho mayaṃ	97
adhippeto bhikkhūti	97
atthe adhippeto	97
pācittiyanti yā	97
yo hi	97
adinnādānā paṭivirato	97
hoti idaṃ	97
vā pe	97
kataṃ hoti	97
yo vā	96
vutta āyasmā	96
cakkhu rūpa	96
dūre santike	96
kevalaparipuṇṇa parisuddha	96
me na	96
abhinanditvā anumoditvā	96
saṅgha itthannāma	96
majjhekalyāṇa pariyosānakalyāṇa	96
ṭhāna gārayha	96
paṭisallāna vuṭṭhito	96
pe bhikkhūti	96
evaṃ pajānāti	96
samannāgata yathābhataṃ	96
pariyosānakalyāṇa sāttha	96
bhikkhūti pe	96
vassa chasu	96
pe bhikkhūti	96
janeti vāyamati	96
samaṇo khalu	96
me na	96
yo vā	96
bhikkhūti pe	96
vassāni chasu	96
samannāgato yathābhataṃ	96
dūre santike	96
cattāro satipaṭṭhānā	96
yādiso pe	96
abhinanditvā anumoditvā	96
sāratto ca	96
vutte āyasmā	96
bho gotamo	96
paṭisallānā vuṭṭhito	96
māro pāpimā	96
kevalaparipuṇṇaṃ parisuddhaṃ	96
nibbāna saṃvattati	95
nigama vā	95
ca vaṇṇavādī	95
desita ājānāti	95
viditvā tāyaṃ	95
hi so	95
vā nigama	95
yaṃ bhikkhave	95
bhāsita abhinanditvā	95
kupita anattamana	95
kho no	95
duvidhena vadāmi	95
citta pe	95
saraṇa gacchati	95
bhāsitaṃ abhinanditvā	95
hi so	95
yaṃ bhikkhave	95
viditvā tāyaṃ	95
kho no	95
duvidhena vadāmi	95
pārājikaṃ dhammaṃ	95
vā ajjhattaṃ	94
evamidhekacca sattā	94
paccupaṭṭhita hoti	94
ṭhita āneñjappatta	94
no parihāni	94
dhamma katama	94
dukkaṭa anupasampanna	94
maṃ bhante	94
sāyanhasamayaṃ paṭisallāna	94
āyasmato ānanda	94
viharati sato	94
vadati viññāpeti	94
pañha puṭṭha	94
satta dhamma	94
imameva kāyaṃ	94
imameva kāyaṃ	94
anuttaraṃ yogakkhemaṃ	94
akicchalābhī akasiralābhī	94
ānanda bhikkhu	94
vā ajjhattaṃ	94
no parihāni	94
dukkhā tibbā	94
āyasmato ānandassa	94
maṃ bhante	94
sāyanhasamayaṃ paṭisallānā	94
vadati viññāpeti	94
evamidhekacce sattā	94
hoti puna	93
sammāsambuddha vijjācaraṇasampanna	93
kāmesumicchācāra paṭivirata	93
anavakāsa yaṃ	93
piṇḍāya caritvā	93
sukha vedanā	93
anuttara purisadammasārathi	93
taṃ dhamma	93
kāmā vutta	93
te sattā	93
evamassa vacanīya	93
me āvuso	93
ānanda bhagavant	93
pajāya sadevamanussa	93
bhikkhave cha	93
kaṭuka vedanā	93
ānando bhagavantaṃ	93
kho sambahulā	93
sammāsambuddho vijjācaraṇasampanno	93
anavakāso yaṃ	93
kāmā vuttā	93
sukhā vedanā	93
pajāya sadevamanussāya	93
anuttaro purisadammasārathi	93
te sattā	93
rañño nāgo	93
me āvuso	93
taṃ dhammaṃ	93
piṇḍāya caritvā	93
hoti puna	93
kallaṃ nu	92
sugata lokavidū	92
sīlavant hoti	92
pīti ca	92
bhikkhave sutavant	92
pañca nīvaraṇa	92
sukhaṃ vāti	92
etadavoca abhikkantaṃ	92
bhante hetu	92
vijjācaraṇasampanna sugata	92
pariyodāta anaṅgaṇa	92
tathā hi	92
lokavidū anuttara	92
citta parisodheti	92
rūpa kho	92
sassamaṇabrāhmaṇa pajāya	92
tvaṃ āvuso	92
māgadha ajātasattu	92
sace bhikkhave	92
bhāsita abhinandunti	92
vāti dukkhaṃ	92
so bhavaṃ	92
purisadammasārathi satthā	92
cārikā caramāna	92
purisadammasārathi satthā	92
bhante hetu	92
bhāsitaṃ abhinandunti	92
sassamaṇabrāhmaṇiyā pajāya	92
ekamantaṃ ṭhito	92
vipassissa bodhisattassa	92
sugato lokavidū	92
vijjācaraṇasampanno sugato	92
sukhaṃ vāti	92
sace bhikkhave	92
na jānāti	92
so bhavaṃ	92
sātthaṃ sabyañjanaṃ	92
bhikkhu pe	92
tvaṃ āvuso	92
vāti dukkhaṃ	92
kallaṃ nu	92
lokavidū anuttaro	92
anaṅgaṇa vigatūpakkilesa	91
bhikkhave asaṅkhatagāmimagga	91
etadavoca ko	91
ajātasattu vedehiputta	91
viharati tassa	91
bhikkhu dhamma	91
ko ca	91
sāriputta etadavoca	91
bhikkhave bhikkhunā	91
sāvatthinidāna ekamantaṃ	91
ca ime	91
chabbaggiya bhikkhunī	91
idha bhante	91
uddhamadho tiriyaṃ	91
bhikkhave rūpa	91
bhikkhave asaṅkhatagāmimaggo	91
idha bhante	91
ca ime	91
ātāpī pahitatto	91
sukhassa ca	91
ko ca	91
tathā hi	91
sāvatthinidānaṃ ekamantaṃ	91
bhikkhave puriso	91
bhikkhave bhikkhunā	91
uddhamadho tiriyaṃ	91
satta bojjhaṅgā	91
vā dhamma	90
uṭṭhāyāsanā bhagavant	90
ānanda bhagavato	90
āvuso bhikkhuno	90
imaṃ puggala	90
hoti ca	90
ce bhikkhu	90
tamahaṃ brūmi	90
vā paṇīta	90
evaṃ bahulīkata	90
na labhati	90
dukkhaṃ bhante	90
dhamma no	90
bhikkhū etadavoca	90
sammappaññāya daṭṭhabba	90
kamma phalaṃ	90
bahiddhā rūpa	90
samādhija pītisukha	90
vadāmi sevitabbampi	90
agāraṃ ajjhāvasati	90
sammappaññāya daṭṭhabbaṃ	90
imaṃ puggalaṃ	90
vadāmi sevitabbampi	90
pāde sirasā	90
dukkhaṃ bhante	90
tamahaṃ brūmi	90
bahiddhā rūpāni	90
bhante dhammā	90
āvuso bhikkhuno	90
uṭṭhāyāsanā bhagavantaṃ	90
sīlavā hoti	90
bhāvetabba katama	89
āyasmā udāyī	89
karoti bhāsissāmīti	89
attani vā	89
hi bhikkhave	89
pe dhamma	89
satta pajānāti	89
avinipātadhamma niyato	89
etamatthaṃ viditvā	89
āyasmā udāyī	89
cārikaṃ caramāno	89
āsavānaṃ khayaṃ	89
ce bhikkhu	89
te kāyassa	89
karotha bhāsissāmīti	89
etamatthaṃ viditvā	89
attani vā	89
chabbaggiyā bhikkhuniyo	89
avinipātadhammo niyato	89
hi bhikkhave	89
ārocesi pe	88
attamana te	88
sabyañjana kevalaparipuṇṇa	88
pī potthaka	88
catūhi dhamma	88
citta parisuddha	88
tassa bhikkhuno	88
araññavanapatthāni panta	88
maraṇāti vā	88
bhikkhu paccavekkhamāna	88
attānaṃ na	88
natthi me	88
upanissāya viharati	88
kho āyasmant	88
vāyamati vīriya	88
tā devatā	88
brūmi brāhmaṇa	88
bhāvanā pāripūriyā	88
deva vā	88
hoti mahānisaṃsa	88
brūmi brāhmaṇaṃ	88
catūhi dhammehi	88
bhāvanāya pāripūriyā	88
pariyodāte anaṅgaṇe	88
musāvādā paṭivirato	88
maraṇāti vā	88
attānaṃ na	88
hoti ca	88
maṃ etadavoca	88
cittaṃ parisodheti	88
tassa bhikkhuno	88
natthi me	88
bhikkhu paccavekkhamāno	88
attamanā te	88
citte parisuddhe	88
araññavanapatthāni pantāni	88
pe ekamantaṃ	87
loka uppajjati	87
anekapariyāyena vigarahitvā	87
imaṃ loka	87
rūpa disvā	87
citta paggaṇhāti	87
evaṃnāma evaṃgotta	87
yathā yathā	87
dukkha ca	87
so ce	87
anujānāti bhikkhave	87
bhikkhū āyasmato	87
mudubhūta kammaniya	87
satta ca	87
duccarita carati	87
bhikkhu ca	87
kammaniya ṭhita	87
etadavoca satthā	87
pāpa kamma	87
vigatūpakkilesa mudubhūta	87
pe katamo	87
so ce	87
appamatto ātāpī	87
bhikkhu ca	87
vigatūpakkilese mudubhūte	87
bhikkhū āyasmato	87
yathā yathā	87
mudubhūte kammaniye	87
ṭhito kho	87
kammaniye ṭhite	87
anaṅgaṇe vigatūpakkilese	87
cittaṃ paggaṇhāti	87
anujānāmi bhikkhave	87
pe ekamantaṃ	87
saṃvattanti katame	87
ariyakantehi sīlehi	87
ṭhite āneñjappatte	87
etadavoca ko	87
imaṃ lokaṃ	87
evamassa vacanīyo	87
anekapariyāyena vigarahitvā	87
nisīdi atha	87
paggaṇhāti padahati	86
kira tumhe	86
ārāma atha	86
kathaṃ nu	86
sa ve	86
upasampanna upasampanna	86
bhagavā saṃkhittena	86
bhikkhu bhikkhu	86
mahānāma sakka	86
katama cattāri	86
pe satthā	86
pāpaka diṭṭhigata	86
ahaṃ āvuso	86
samādāya sikkhati	86
sākāraṃ sauddesaṃ	86
ārabhati citta	86
gahapati vā	86
tassa me	86
ekadhammampi samanupassati	86
vadāmi no	86
appaka te	86
piṇḍāya pāvisi	86
sākāraṃ sauddesaṃ	86
pe satthā	86
ekadhammampi samanupassāmi	86
etadavoca satthā	86
appakā te	86
sa ve	86
ahaṃ āvuso	86
kathaṃ nu	86
paggaṇhāti padahati	86
ārabhati cittaṃ	86
kaṭukā vedanā	86
vāyamati vīriyaṃ	86
tassa me	86
katamāni cattāri	86
kammānaṃ phalaṃ	86
vadāmi no	86
bhagavā saṃkhittena	86
kira tumhe	86
rūpaṃ disvā	86
hoti itipi	85
bhikkhave sati	85
na sakkoti	85
ānanda etadavoca	85
kira tvaṃ	85
hoti samādhi	85
sauddesaṃ anekavihita	85
te tattha	85
paṇīta vā	85
kho māra	85
kathaṃ katvā	85
virūḷhi vepulla	85
aññaṃ ekadhammampi	85
thera bhikkhu	85
manasā dhamma	85
iti sākāraṃ	85
bahulīkata mahapphala	85
ekacca jhāyī	85
pāṭikaṅkha no	85
sauddesaṃ anekavihitaṃ	85
diṭṭhi uppajjati	85
ārāme atha	85
manasā dhammaṃ	85
ṭhitā kho	85
pe sammāsamādhi	85
kathaṃ katvā	85
evaṃ pajānāti	85
ekacco jhāyī	85
kira tvaṃ	85
lokaṃ upapajjati	85
virūḷhiṃ vepullaṃ	85
pāṭikaṅkhā no	85
ārocesuṃ pe	85
te tattha	85
bhikkhave sati	85
iti sākāraṃ	85
aññaṃ ekadhammampi	85
hoti itipi	85
aṅgehi samannāgato	85
kho vāseṭṭha	85
ca virāga	84
aho vatāhaṃ	84
bhikkhave asappurisa	84
atikkantamānusaka satta	84
seyyathāpi bhante	84
bhoto gotama	84
samāpajjati samāpanna	84
idaṃ me	84
samanuñña hoti	84
bhagavati brahmacariyaṃ	84
tena bhikkhunā	84
cattāro dhamma	84
na heva	84
sukhaṃ somanassa	84
khādanīya bhojanīya	84
ca sī	84
etamatthaṃ ārocesi	84
ca sī	84
dukkaṭassa pe	84
atikkantamānusakena satte	84
sukhaṃ somanassaṃ	84
idaṃ me	84
na heva	84
upasaṅkamitvā āyasmatā	84
aho vatāhaṃ	84
tena bhikkhunā	84
ekamantaṃ ṭhitā	84
pītiyā ca	84
bhagavati brahmacariyaṃ	84
seyyathāpi bhante	84
bhoto gotamassa	84
ca virāgā	84
tayo dhammā	84
sabyañjanaṃ kevalaparipuṇṇaṃ	84
tathāgatappavedite dhammavinaye	84
samanuñño hoti	84
imassa kho	83
sabbāvant loka	83
paññatta hoti	83
mettāsahagata cetasā	83
pe evametassa	83
disaṃ pharitvā	83
sikkhati sikkhāpada	83
hoti taṃ	83
maṃ bhavaṃ	83
avitakka avicāra	83
sikkhaṃ paccakkhāya	83
eka disaṃ	83
hidaṃ bho	83
aho vata	83
taṃ jīvaṃ	83
cetasā vipula	83
cetasā eka	83
kāyaṃ āmasati	83
bhāveti pe	83
anāpatti asañcicca	83
pana vāda	83
te brāhmaṇa	83
kho devānaminda	83
samāpajji samāpajjati	83
maṃ bhavaṃ	83
pe evametassa	83
sikkhaṃ paccakkhāya	83
samaṇā sakyaputtiyā	83
ānando bhagavato	83
sabbāvantaṃ lokaṃ	83
pana vādo	83
cetasā vipulena	83
bhagavā attamanā	83
hoti taṃ	83
disaṃ pharitvā	83
hidaṃ bho	83
anāpatti asañcicca	83
imassa kho	83
cetasā ekaṃ	83
ekaṃ disaṃ	83
taṃ jīvaṃ	83
bhikkhave sutavā	83
jhāyī samādhi	82
na tumhākaṃ	82
yatra hi	82
bhikkhave na	82
jīvaṃ aññaṃ	82
etadaggaṃ bhikkhave	82
bhante āyasmā	82
mayhaṃ bhikkhave	82
anussarati seyyathidaṃ	82
maṃ bhagavā	82
suṇātu me	82
imaṃ gāthaṃ	82
vuccati katama	82
cattāro iddhipāda	82
samaya bhikkhuno	82
citta gahapati	82
bhante āyasmā	82
kho devānaminda	82
jhāyī samādhismiṃ	82
yatra hi	82
mettāsahagatena cetasā	82
na tumhākaṃ	82
mayhaṃ bhikkhave	82
jīvaṃ aññaṃ	82
bhikkhave na	82
maṃ bhagavā	82
imaṃ gāthaṃ	82
etadaggaṃ bhikkhave	82
suṇātu me	82
cakkhunā rūpaṃ	82
aho vata	82
samaye bhikkhuno	82
cavamāna upapajjamāna	81
vesālī viharati	81
sace ākaṅkhati	81
tathā naṃ	81
sāriputta bhikkhu	81
jīvaṃ taṃ	81
bhāvanāpāripūri gacchanti	81
mā hevaṃ	81
puggala vadāmi	81
nu te	81
ca taṃ	81
imaṃ dhamma	81
rājā māgadha	81
aññaṃ jīvaṃ	81
dhamma aveccappasāda	81
tassa purisa	81
ānanda āmantesi	81
dukkhassa ca	81
mā hevaṃ	81
ca vaṇṇavādī	81
cavamāne upapajjamāne	81
aññaṃ jīvaṃ	81
methunaṃ dhammaṃ	81
ujjhāyantānaṃ khiyyantānaṃ	81
tathā naṃ	81
rājā māgadho	81
puggalaṃ vadāmi	81
nu te	81
khiyyantānaṃ vipācentānaṃ	81
ca taṃ	81
imaṃ dhammaṃ	81
bhāvanāpāripūriṃ gacchanti	81
pī potthakesu	81
jīvaṃ taṃ	81
gotama evaṃ	80
āpatti dvinnaṃ	80
deseti taṃ	80
bhagavant dassanāya	80
domanassa paṭisaṃvedeti	80
kho eteva	80
sā bhikkhunī	80
katama pana	80
tevijja brāhmaṇa	80
tatra sudaṃ	80
yo bhikkhave	80
parikkhaya gacchanti	80
nāma tumhe	80
ca no	80
gacchati dhammañca	80
abhikkanta ratti	80
dhamma abhiññā	80
evañhi te	80
paricca pajānāti	80
ca samanuñña	80
pe santi	80
tathūpamāhaṃ bhikkhave	80
sattā opapātika	80
ahosi atha	80
evaṃ pucchati	80
sabbaṃ taṃ	80
ayameva ariya	80
sattā opapātikā	80
ayameva ariyo	80
parikkhayaṃ gacchanti	80
sabbaṃ taṃ	80
evañhi te	80
yo bhikkhave	80
kho eteva	80
bhagavantaṃ dassanāya	80
ca samanuñño	80
nāma tumhe	80
ca no	80
tatra sudaṃ	80
ahosi atha	80
samayena sambahulā	80
domanassaṃ paṭisaṃvedeti	80
abhikkantāya rattiyā	80
āpatti dvinnaṃ	80
tathūpamāhaṃ bhikkhave	80
pe santi	80
pahīnā hoti	80
hīna paṇīta	79
pe nāpara	79
brāhmaṇa yena	79
viññū purisa	79
dubbaṇṇa sugata	79
kāyaṃ paṇidhāya	79
sikkhā karaṇīyāti	79
assosi kho	79
rāga bhikkhave	79
imā bhikkhave	79
ujuṃ kāyaṃ	79
paṇīta suvaṇṇa	79
pallaṅka ābhujitvā	79
bhāvito bahulīkata	79
pattacīvaramādāya yena	79
sāvatthinidāna atha	79
suvaṇṇa dubbaṇṇa	79
bhikkhuṃ pahiṇanta	79
seyyathidaṃ ekampi	79
ābhujitvā ujuṃ	79
sugata duggata	79
upapajjamāna hīna	79
sadda sutvā	79
bhavissati na	79
vuddhi virūḷhi	79
upekkhāsahagata cetasā	79
pe catutthaṃ	79
vuddhiṃ virūḷhiṃ	79
paṇīte suvaṇṇe	79
assosi kho	79
kāyaṃ paṇidhāya	79
saddaṃ sutvā	79
seyyathidaṃ ekampi	79
pe nāparaṃ	79
pe catutthaṃ	79
etadavoca abhikkantaṃ	79
hīne paṇīte	79
tā devatā	79
ābhujitvā ujuṃ	79
ujuṃ kāyaṃ	79
bhāvito bahulīkato	79
suvaṇṇe dubbaṇṇe	79
bhavissati na	79
bhikkhuṃ pahiṇati	79
bhāveti pe	79
desessāmi taṃ	79
pañca dhammā	79
upapajjamāne hīne	79
pattacīvaramādāya yena	79
imā bhikkhave	79
sugate duggate	79
dubbaṇṇe sugate	79
sāvatthinidānaṃ atha	79
pe āpattiṃ	79
pallaṅkaṃ ābhujitvā	79
sikkhā karaṇīyāti	79
rāgassa bhikkhave	79
jivhāya rasa	78
loka natthi	78
te āvuso	78
ekampi jāti	78
bhikkhu āpanna	78
yathābhūtaṃ abbhaññāsi	78
dullabha loka	78
yaṃnūna mayaṃ	78
bhagavato pāda	78
abhivaḍḍhati kusalā	78
idaṃ vatvāna	78
āvuso ariyasāvaka	78
vedanā dukkha	78
gāthaṃ abhāsi	78
brahmacariyaṃ carati	78
ca ye	78
sa kho	78
samāna na	78
pe tatiyaṃ	78
āpatti tvaṃ	78
anādariya paṭicca	78
nāma chabbaggiya	78
abhivaḍḍhanti kusalā	78
nāma chabbaggiyā	78
ca ye	78
ānandaṃ āmantesi	78
paññattaṃ hoti	78
bhikkhuṃ etadavoca	78
idaṃ vatvāna	78
te āvuso	78
te dhammā	78
yaṃnūna mayaṃ	78
sā bhikkhunī	78
anādariyaṃ paṭicca	78
sa kho	78
āpattiṃ tvaṃ	78
pe tatiyaṃ	78
ekampi jātiṃ	78
kho māro	78
bhikkhu āpanno	78
bhagavato paccassosi	78
jivhāya rasaṃ	78
anagāriyaṃ pabbajati	77
etasmiṃ nidāna	77
ettāvatāpi kho	77
nibbānaninna hoti	77
pe citta	77
bhikkhu vivicceva	77
vā gahapatiputta	77
attāti no	77
etasmiṃ pakaraṇa	77
tathā catutthaṃ	77
tatiyaṃ tathā	77
tathā dutiyaṃ	77
nidāna etasmiṃ	77
tathā tatiyaṃ	77
paṭhamañca jhāna	77
atthaṃ avibhatta	77
saṅgha vā	77
sabbattata sabbāvant	77
esā bhikkhave	77
dhammañca bhikkhusaṅghañca	77
katvā upanissāya	77
bhikkhave thullanandā	77
te bhante	77
dutiyaṃ tathā	77
maggaṃ bhāveti	77
tesaṃ manussa	77
sabbadhi sabbattata	77
hoti nibbānapoṇa	77
anagāriyaṃ pabbajanti	77
bhāveti ariya	77
etasmiṃ nidāne	77
atthaṃ avibhattassa	77
tatiyaṃ tathā	77
te bhante	77
dhammañca bhikkhusaṅghañca	77
hoti nibbānapoṇo	77
katvā upanissāya	77
esā bhikkhave	77
paṭhamañca jhānaṃ	77
attāti no	77
dutiyaṃ tathā	77
etasmiṃ pakaraṇe	77
ettāvatāpi kho	77
tathā tatiyaṃ	77
āvuso ariyasāvako	77
nibbānaninno hoti	77
nidāne etasmiṃ	77
tesaṃ manussānaṃ	77
na maññeyya	77
sabbattatāya sabbāvantaṃ	77
attamano hoti	77
anagāriyaṃ pabbajanti	77
sabbadhi sabbattatāya	77
gāthaṃ abhāsi	77
bhikkhu vivicceva	77
citte pe	77
sāriputta bhikkhu	77
saññā saṅkhārā	77
tathā catutthaṃ	77
kāyaṃ āmasati	77
tathā dutiyaṃ	77
bhikkhave thullanandā	77
dvinnaṃ dukkaṭa	76
upakkamati muccati	76
bhikkhave kamma	76
gahapatiputta vā	76
abhijjhādomanassa vedanā	76
diṭṭhisampanna puggala	76
bhagavā etasmiṃ	76
ni passitabba	76
bhikkhave catūhi	76
paccattaṃ veditabba	76
so tāya	76
citta samādhiyati	76
metaṃ bhante	76
idha gahapati	76
na kiñci	76
na tveva	76
iti uddhamadho	76
kiñca bhikkhave	76
tiriyaṃ sabbadhi	76
heva kho	76
bhagavato paṭissutvā	76
khādanīya vā	76
purisa āgacchati	76
bahu jana	76
mahānāma ariyasāvaka	76
caritvā pacchābhattaṃ	76
bhikkhu ariya	76
dvinnaṃ dukkaṭānaṃ	76
ni passitabbaṃ	76
katame satta	76
nāma bhikkhuniyo	76
abhijjhādomanassaṃ vedanāsu	76
iti uddhamadho	76
metaṃ bhante	76
na kiñci	76
tassa purisassa	76
cittaṃ samādhiyati	76
bhikkhave catūhi	76
bahulīkatā mahapphalā	76
heva kho	76
adukkhamasukhā vedanā	76
caritvā pacchābhattaṃ	76
upakkamati muccati	76
evaṃnāmo evaṃgotto	76
bhagavato paṭissutvā	76
pe citte	76
so tāya	76
kiñca bhikkhave	76
tiriyaṃ sabbadhi	76
nibbidāya virāgāya	76
na tveva	76
bhagavā etasmiṃ	76
āvuso ānanda	75
yo anādariya	75
katvā bhikkhū	75
jivhāviññeyya rasa	75
vimutta vimuttamiti	75
abhinivissa evaṃ	75
satta passati	75
yaṃ vā	75
vā sabbaṃ	75
bahulīkaronta nibbānaninna	75
ajjhattaṃ arūpasaññī	75
tumhe moghapurisa	75
parihāyati kusalā	75
pariyādāya tiṭṭhati	75
hoti katama	75
ānanda yena	75
yvāyaṃ puggala	75
pe saṅgha	75
so bhante	75
katama tīhi	75
bhikkhave appaka	75
ca pe	75
te mahārāja	75
so vata	75
paccāharati āpatti	75
te taṃ	75
tadanuttaraṃ brahmacariyapariyosāna	75
vimuttamiti ñāṇa	75
kalyāṇa kittisadda	75
kho keci	75
ānanda tathāgata	75
attānaṃ pariharati	75
kulaputta sammadeva	75
ekaṃsaṃ uttarāsaṅga	75
sammadeva agāra	75
upekkhāsahagatena cetasā	75
te taṃ	75
so bhante	75
bhikkhave appakā	75
ca pe	75
katvā bhikkhū	75
sikkhati sikkhāpadesu	75
ekaṃsaṃ uttarāsaṅgaṃ	75
ajjhattaṃ arūpasaññī	75
parihāyanti kusalā	75
pacchābhattaṃ piṇḍapātapaṭikkanto	75
samādāya sikkhati	75
vimuttamiti ñāṇaṃ	75
yo anādariyaṃ	75
vimuttasmiṃ vimuttamiti	75
avitakkaṃ avicāraṃ	75
tumhe moghapurisā	75
duccaritaṃ carati	75
attānaṃ pariharati	75
vā sabbaṃ	75
yaṃ vā	75
kho keci	75
nibbānāya saṃvattati	75
abhinivissa evaṃ	75
sammadeva agārasmā	75
puriso āgaccheyya	75
dhamme aveccappasādena	75
kalyāṇo kittisaddo	75
yvāyaṃ puggalo	75
tadanuttaraṃ brahmacariyapariyosānaṃ	75
pariyādāya tiṭṭhati	75
kulaputtā sammadeva	75
bahulīkaronto nibbānaninno	75
āvuso ānanda	75
brahmacariyapariyosāna diṭṭheva	74
nāma tvaṃ	74
vā yaṃ	74
manussa ujjhāyanta	74
taṃ samanupassituṃ	74
sukatadukkaṭa kamma	74
pe iti	74
gotama brāhmaṇa	74
evañcidaṃ bhagavatā	74
vipariṇāmadhamma kallaṃ	74
sīlavant kalyāṇadhamma	74
sota sadda	74
ambaṭṭha māṇava	74
samanupassituṃ etaṃ	74
bhante saṅgha	74
samaṇa gotamoti	74
dhamma ye	74
pajānāti pe	74
attānaṃ sukheti	74
pabbajanti tadanuttaraṃ	74
cetāpeti nissaggiya	74
bhante itthannāma	74
ca viññū	74
te mahārāja	74
nāma tvaṃ	74
yathābhūtaṃ abbhaññāsiṃ	74
mahānāma ariyasāvako	74
samanupassituṃ etaṃ	74
bhāvetabbā katame	74
sahabyataṃ upapajjati	74
pe iti	74
bhante itthannāmaṃ	74
sukatadukkaṭānaṃ kammānaṃ	74
pabbajanti tadanuttaraṃ	74
vā yaṃ	74
vipariṇāmadhammaṃ kallaṃ	74
bahuno janassa	74
brahmacariyapariyosānaṃ diṭṭheva	74
manussānaṃ ujjhāyantānaṃ	74
so vata	74
samaṇo gotamoti	74
taṃ samanupassituṃ	74
evañcidaṃ bhagavatā	74
saṅkhārā viññāṇaṃ	74
tvaṃ moghapurisa	73
bhante bhagavant	73
dhamma viññāya	73
dukkha domanassa	73
domanassa upāyāsa	73
sambodha nibbāna	73
parideva dukkha	73
tasmā hi	73
etadavoca kiṃ	73
samanupassati na	73
vā bahiddhā	73
ka na	73
vuccati kittāvatā	73
so āvuso	73
taṃ kudāssu	73
uppāda uppanna	73
athāparaṃ etadavoca	73
evaṃ byākaroti	73
musā bhaṇati	73
uttarāsaṅga karitvā	73
gaccha bhante	73
abhiññāya sambodha	73
tayome bhikkhave	73
te mayaṃ	73
soka parideva	73
pe so	73
atthi nu	73
vā nigamaṃ	73
taṃ kudāssu	73
so āvuso	73
pe dhammesu	73
ca paṇītataro	73
tayome bhikkhave	73
bhagavatā dhammo	73
gaccha bhante	73
moghapurisā appasannānaṃ	73
dhammaṃ viññāya	73
dukkhehi domanassehi	73
bhante bhagavantaṃ	73
sokehi paridevehi	73
katamehi tīhi	73
tvaṃ moghapurisa	73
lokaṃ upapajjanti	73
vā bahiddhā	73
ānando yena	73
tasmā hi	73
domanassehi upāyāsehi	73
abhiññāya sambodhāya	73
paridevehi dukkhehi	73
uttarāsaṅgaṃ karitvā	73
pe so	73
ka na	73
atthi nu	73
netaṃ moghapurisā	73
aparisesā nirujjhanti	73
gāmaṃ vā	73
paccāharati āpatti	73
athāparaṃ etadavoca	73
te mayaṃ	73
sambodhāya nibbānāya	73
evamāvusoti kho	72
ārāma tatra	72
me idaṃ	72
jānāti passāmīti	72
ayaṃ bhante	72
iminā ca	72
tatra vo	72
pī na	72
gotama dhāretu	72
ahañceva kho	72
bhaṇati āpatti	72
vūpasama ajjhattaṃ	72
sammāvāyāma sammāsati	72
evaṃ vadeyyuṃ	72
pe dutiyaṃ	72
phassa paṭicca	72
evaṃgotta evaṃvaṇṇa	72
evamāyupariyanta so	72
evaṃvaṇṇa evamāhāra	72
kudāssu bhavissati	72
aññatara purisa	72
vācaṃ bhāsitā	72
vedanā vedeti	72
ye dhamma	72
bhojanīya vā	72
upasaṅkamitvā taṃ	72
pārājika āpatti	72
kho tā	72
vā bhojanīya	72
gacchati na	72
abhikkantaṃ bhante	72
me tvaṃ	72
kho sāriputta	72
ahañceva kho	72
me idaṃ	72
iminā ca	72
evamāyupariyanto so	72
tatra vo	72
bhaṇati āpatti	72
jānāmi passāmīti	72
ayaṃ bhante	72
ārāme tatra	72
ca viññūnaṃ	72
bhagavatā dhammaṃ	72
khādanīyaṃ vā	72
me tvaṃ	72
vesāliyaṃ viharati	72
abhikkantaṃ bhante	72
gotamo dhāretu	72
kho tā	72
acchariyo abbhuto	72
evaṃgotto evaṃvaṇṇo	72
kudāssu bhavissati	72
vācaṃ bhāsitā	72
pe dutiyaṃ	72
pī na	72
evamāvusoti kho	72
evaṃ vadeyyuṃ	72
evaṃvaṇṇo evamāhāro	72
abbhuto dhammo	72
upasaṅkamitvā taṃ	72
phassaṃ paṭicca	72
bhikkhu sikkhāpada	71
taṃ hoti	71
yena so	71
cakkhumant purisa	71
idha bhikkhu	71
pe samaṇa	71
nigrodha tapassī	71
vā deva	71
tassa evamassa	71
sutaṃ sammukhā	71
attāti samanupassati	71
ceva dhamma	71
saraṇa gato	71
na sukara	71
āpanna pārājikanti	71
khīṇāsava bhikkhuno	71
santike imaṃ	71
bhikkhave pañcannaṃ	71
manosamphassapaccayā uppajjati	71
so imaṃ	71
aparikkamana āpatti	71
duggata yathākammūpaga	71
dvepi jātiyo	71
nivesanaṃ tenupasaṅkami	71
mahāvana kūṭāgārasālā	71
sabbe dhamma	71
jāti dvepi	71
te bhagavant	71
imesaṃ pañcannaṃ	71
jarāya maraṇa	71
catutthaṃ iti	71
pāṇātipāta veramaṇī	71
bhoga pariyesati	71
ajjhattaṃ sampasādana	71
sassato lokoti	71
santike vā	71
maggaṃ bahulīkaronta	71
mā me	71
santi kho	71
gotama pe	71
bho ānanda	71
abhininnāmeti so	71
na socati	71
loka piyarūpa	71
anuppanna ceva	71
eka bahiddhā	71
taṃ pajahati	71
sī aṭṭha	71
khīṇāsavassa bhikkhuno	71
jarāya maraṇena	71
jātiṃ dvepi	71
cattāro satipaṭṭhāne	71
saraṇaṃ gato	71
loke piyarūpaṃ	71
pañhaṃ puṭṭho	71
yena so	71
mā me	71
nigamaṃ vā	71
saraṇaṃ gacchāmi	71
bhikkhūnaṃ sikkhāpadaṃ	71
abhininnāmeti so	71
sassato lokoti	71
vūpasamā ajjhattaṃ	71
samayena aññatarassa	71
santi kho	71
taṃ hoti	71
bhikkhave satta	71
samayena bhagavā	71
so imaṃ	71
bhikkhave pañcannaṃ	71
imesaṃ pañcannaṃ	71
catutthaṃ iti	71
ajjhattaṃ sampasādanaṃ	71
attānaṃ sukheti	71
manosamphassapaccayā uppajjati	71
vuccati kittāvatā	71
dhamme pe	71
idha bhikkhu	71
eko bahiddhā	71
santike vā	71
santike imaṃ	71
sutaṃ sammukhā	71
aparikkamanaṃ āpatti	71
cakkhumā puriso	71
sī aṭṭha	71
tassa evamassa	71
dvepi jātiyo	71
duggate yathākammūpage	71
aññatara vā	70
hoti khīṇa	70
kāya phoṭṭhabba	70
aññatara bhikkhuno	70
khara kaṭuka	70
bhagavatā bhikkhu	70
āvuso bhagavā	70
samphappalāpa paṭivirata	70
sutaṃ muta	70
sammukhā paṭiggahita	70
kho bhikkhū	70
evaṃ vitthārena	70
pe anuttara	70
piyarūpa sātarūpa	70
mayā dhamma	70
kho cunda	70
bhagavā pubbaṇhasamayaṃ	70
passati cavamāna	70
paccassosi atha	70
hi koci	70
bhagavaṃmūlaka no	70
na honti	70
yoga karaṇīya	70
tamenaṃ bhikkhave	70
sarīranti vā	70
bhikkhave mātugāma	70
bhikkhave anicca	70
bahussuta hoti	70
hi koci	70
bhagavaṃmūlakā no	70
appamattassa ātāpino	70
bho ānanda	70
aññatarassa bhikkhuno	70
pe saṅghe	70
yogo karaṇīyo	70
viharati sato	70
āvuso bhagavā	70
bhagavatā bhikkhūnaṃ	70
na labhati	70
piyarūpaṃ sātarūpaṃ	70
te bhagavanto	70
tamenaṃ bhikkhave	70
sutaṃ mutaṃ	70
na honti	70
sarīranti vā	70
samārake sabrahmake	70
gotama pe	70
pāpakaṃ diṭṭhigataṃ	70
bhagavā pubbaṇhasamayaṃ	70
kho bhikkhū	70
hoti khīṇā	70
sammukhā paṭiggahitaṃ	70
evaṃ vitthārena	70
sotena saddaṃ	70
paṭiggaṇhāti vīmaṃsati	69
ratti abhikkantavaṇṇa	69
ucchinnamūlā tālāvatthukata	69
saddhiṃ yena	69
dūratova āgacchantaṃ	69
rasa sāyitvā	69
manoviññeyya dhamma	69
samudaya iti	69
kāya vācāya	69
rūpa na	69
bhikkhave tīhi	69
yassatthāya kulaputta	69
hoti aho	69
bhāvita kho	69
ekībhāva saṃvattati	69
dukkhakkhandha nirodha	69
samaya yaṃ	69
idhekacca puggala	69
rājā cakkavattī	69
ca so	69
hi bhante	69
uṭṭhāyāsanā vihāra	69
ca maṃ	69
ghāna gandha	69
puññakkhetta lokassāti	69
bhikkhave imesaṃ	69
tenañjaliṃ paṇāmetvā	69
tiṇṇaṃ saṃyojana	69
dīgharattaṃ ahitāya	69
pahāna dukkha	69
nicca vā	69
tiṭṭhati tassa	69
nibbānapoṇa nibbānapabbhāra	69
kira bho	69
uṭṭhāyāsanā vihāraṃ	69
ca so	69
saddhiṃ yena	69
yassatthāya kulaputtā	69
dīgharattaṃ ahitāya	69
desitaṃ ājānāmi	69
sabbe dhammā	69
samudayo iti	69
sadevake loke	69
kho sāriputta	69
rājā cakkavattī	69
bhikkhave imesaṃ	69
sabrahmake sassamaṇabrāhmaṇiyā	69
loke samārake	69
hoti aho	69
hi bhante	69
tenañjaliṃ paṇāmetvā	69
pahānā dukkhassa	69
bhoge pariyesati	69
samayo yaṃ	69
kāmesumicchācārā paṭivirato	69
dukkhakkhandhassa nirodho	69
tiṇṇaṃ saṃyojanānaṃ	69
rasaṃ sāyitvā	69
dūratova āgacchantaṃ	69
brāhmaṇo yena	69
ucchinnamūlā tālāvatthukatā	69
nissaraṇaṃ yathābhūtaṃ	69
vā brāhmaṇaṃ	69
tiṭṭhati tassa	69
taṃ pajahatha	69
brāhmaṇaṃ vā	69
bhikkhave tīhi	69
puññakkhettaṃ lokassāti	69
kāyena vācāya	69
ca maṃ	69
paṭiggaṇhāti vīmaṃsati	69
kira bho	69
cattāro iddhipādā	69
ātāpino pahitattassa	69
tattha tattha	68
veramaṇī samādapeti	68
appatta pattiyā	68
vīmaṃsati paccāharati	68
yo evaṃ	68
pācittiyanti yo	68
bhikkhave sappurisa	68
evamāhāra evaṃsukhadukkhappaṭisaṃvedī	68
puññābhisanda kusalābhisanda	68
yathāsuta yathāpariyatta	68
niṭṭhita tena	68
so tenaṅgena	68
khvāhaṃ bhante	68
khvāhaṃ āvuso	68
abhikkantavaṇṇa kevalakappaṃ	68
ayaṃ dukkhasamudayoti	68
paṭissutvā yena	68
pariyāya yena	68
evaṃsukhadukkhappaṭisaṃvedī evamāyupariyanta	68
seyyathāpi bho	68
jātiyā jarāya	68
āpatti thullaccayassāti	68
bhante vuccati	68
nāma balavant	68
etadavoca sādhu	68
hoti ahaṃ	68
kho rādha	68
pe jivhā	68
jātiyā jarāya	68
nāma balavā	68
so tenaṅgena	68
khvāhaṃ āvuso	68
evaṃsukhadukkhappaṭisaṃvedī evamāyupariyanto	68
vīmaṃsati paccāharati	68
khvāhaṃ bhante	68
tattha tattha	68
yo evaṃ	68
ayaṃ dukkhasamudayoti	68
kho āyasmantaṃ	68
veramaṇiyā samādapeti	68
bhikkhave asappuriso	68
vā bhojanīyaṃ	68
bhojanīyaṃ vā	68
pācittiyanti yo	68
dhammo desito	68
cattāro dhammā	68
kho rādha	68
samāpajjāmi samāpanno	68
pariyāyo yena	68
samāpajjiṃ samāpajjāmi	68
appattassa pattiyā	68
seyyathāpi bho	68
pe anuttaraṃ	68
āpatti thullaccayassāti	68
paṭissutvā yena	68
evamāhāro evaṃsukhadukkhappaṭisaṃvedī	68
te deva	68
niṭṭhitaṃ tena	68
bhikkhave puggalā	68
sīla samannāgata	67
nisajja kho	67
vigarahitvā bhagavato	67
kho bahulaṃ	67
cetaso ekodibhāva	67
pārājikanti tena	67
sacchikata mayāti	67
acela pāthikaputta	67
pītisukha dutiyaṃ	67
āsavā vighātapariḷāha	67
tisso imā	67
gahapati ariyasāvaka	67
ayaṃ dukkhanirodhoti	67
yathāpariyatta dhamma	67
cetaso parivitakka	67
passaṃ pe	67
yena te	67
sampasādana cetaso	67
anāvattidhamma tasmā	67
sammāājīva sammāvāyāma	67
āyasmant udāyī	67
gaṇa vā	67
kiñci sabbāvant	67
vimuccati vimutta	67
nirodha paṭipanna	67
ca bhikkhū	67
brahmacariyaṃ caranti	67
tesaṃ no	67
ekodibhāva avitakka	67
taṃ netaṃ	67
taṃ āvuso	67
pe idaṃ	67
sammākammanta sammāājīva	67
pe tatiyampi	67
passaṃ bhikkhave	67
āyatiṃ anuppādadhammā	67
bhikkhave rājā	67
nāyaṃ dhamma	67
samaṇa brāhmaṇa	67
vo pahīna	67
sace ākaṅkhati	67
cittanti pajāneyyaṃ	67
āyatiṃ anuppādadhammā	67
yathāpariyattaṃ dhammaṃ	67
passaṃ pe	67
ca bhikkhū	67
passaṃ bhikkhave	67
cetaso parivitakko	67
yathāsutaṃ yathāpariyattaṃ	67
tisso imā	67
āsavā vighātapariḷāhā	67
cetaso ekodibhāvaṃ	67
vigarahitvā bhagavato	67
brahmacariyaṃ caranti	67
pītisukhaṃ dutiyaṃ	67
pe idaṃ	67
nisajja kho	67
vuccanti bhikkhave	67
taṃ netaṃ	67
samaṇaṃ vā	67
ekodibhāvaṃ avitakkaṃ	67
satte pajānāti	67
tesaṃ no	67
pārājikanti tena	67
pe tatiyampi	67
hoti samādhismiṃ	67
ayaṃ dukkhanirodhoti	67
ādikalyāṇaṃ majjhekalyāṇaṃ	67
kho bahulaṃ	67
vedanāsu pe	67
sampasādanaṃ cetaso	67
yena te	67
taṃ āvuso	67
bhikkhave rājā	67
anuyoga sātacca	66
iti rūpa	66
sātacca padhāna	66
katama dasa	66
tumhe āvuso	66
nāssa kiñci	66
sukheti pīṇeti	66
avicāra samādhija	66
cattārimāni bhikkhave	66
āraddha hoti	66
iti evarūpa	66
ātappa anuyoga	66
katama aṭṭha	66
dasa dhamma	66
katvā pakkāmi	66
pe mano	66
parivitakka udapādi	66
vā sukhuma	66
thullaccayassāti tena	66
avaṇṇa bhāsati	66
bhikkhū bhagavant	66
pattiyā anadhigata	66
vā aññaṃ	66
namati ātappa	66
sabba sabbaṃ	66
pe anārambha	66
attānaṃ paññapenti	66
tañca kho	66
dhamma citta	66
adhigama asacchikata	66
iti viññāṇa	66
anadhigata adhigama	66
sā devatā	66
maraṇa soka	66
sāriputta bhikkhunā	66
bhikkhave sikkhitabbanti	66
citta upakkilesoti	66
evaṃ cetaso	66
majjhekalyāṇaṃ pariyosānakalyāṇaṃ	66
anadhigatassa adhigamāya	66
pe mano	66
pattiyā anadhigatassa	66
anuyogāya sātaccāya	66
ātappāya anuyogāya	66
parivitakko udapādi	66
thullaccayassāti tena	66
uppādāya uppannassa	66
attānaṃ paññapenti	66
bhikkhave sikkhitabbanti	66
sāriputta bhikkhunā	66
anuppannassa vā	66
bhikkhū bhagavantaṃ	66
tañca kho	66
cittassa upakkilesoti	66
maraṇena sokehi	66
pariyosānakalyāṇaṃ sātthaṃ	66
bhante vuccati	66
adhigamāya asacchikatassa	66
vā aññaṃ	66
sātaccāya padhānāya	66
uppannassa vā	66
namati ātappāya	66
upasampajja viharāmi	66
vimuccati vimuttasmiṃ	66
sukheti pīṇeti	66
evaṃ cetaso	66
nāssa kiñci	66
sabbena sabbaṃ	66
samādhijaṃ pītisukhaṃ	66
pahitattassa viharato	66
tumhe āvuso	66
avicāraṃ samādhijaṃ	66
katamaṃ nu	66
cattārimāni bhikkhave	66
sā devatā	66
nāyaṃ dhammo	66
kāyena phoṭṭhabbaṃ	66
katvā pakkāmi	66
sutaṃ metaṃ	65
evaṃ taṃ	65
āyasmā anuruddha	65
ime vuccati	65
bhagavā idaṃ	65
vedanā vedayamāna	65
na paraṃ	65
evaṃ passato	65
tvaṃ ānanda	65
dukkhito bāḷhagilāna	65
tibba khara	65
dukkhakkhandha samudaya	65
pe saññā	65
evaṃ bhoti	65
samaya yathābhūtaṃ	65
pāṇātipātī hoti	65
pahāna pubbeva	65
pubbeva somanassadomanassa	65
sammādiṭṭhi bhāveti	65
kho sakka	65
manasi karohi	65
paññāya dubbalīkaraṇa	65
samannāgata mātugāma	65
taṃ kamma	65
jānato evaṃ	65
ābhicetasika diṭṭhadhammasukhavihāra	65
ca syā	65
oḷārika vā	65
bhikkhu saddhiṃ	65
seyyathāpi so	65
somanassadomanassa atthaṅgama	65
bho sāriputta	65
bhikkhave cattāri	65
sukhuma vā	65
kho anāthapiṇḍika	65
eka dhamma	65
brahmacariyaṃ vussatīti	65
brahmacariyaṃ vussatīti	65
āyasmā anuruddho	65
bho sāriputta	65
ghānena gandhaṃ	65
bhikkhūhi saddhiṃ	65
evaṃ taṃ	65
jānato evaṃ	65
pahānā pubbeva	65
cetāpeti nissaggiyaṃ	65
tvaṃ ānanda	65
hoti ahaṃ	65
dukkhito bāḷhagilāno	65
ca syā	65
etadavoca sādhu	65
evaṃ bhoti	65
samaye yathābhūtaṃ	65
bhikkhave cattāri	65
dhammo ca	65
sutaṃ metaṃ	65
dukkhakkhandhassa samudayo	65
pubbeva somanassadomanassānaṃ	65
na paraṃ	65
ime vuccanti	65
seyyathāpi so	65
evaṃ passato	65
somanassadomanassānaṃ atthaṅgamā	65
samannāgato mātugāmo	65
vuttaṃ bhagavatā	65
manasi karohi	65
samannāgatā ariyānaṃ	65
bhagavā idaṃ	65
aneka pāpaka	64
bhoti kho	64
veditabba yathā	64
upekkhāsatipārisuddhi catutthaṃ	64
bhikkhu sabrahmacārī	64
bhonto sattā	64
sammāsaṅkappa sammāvācā	64
taṃ vo	64
diṭṭha sutaṃ	64
bhāventa ariya	64
na evaṃ	64
yenāyasmā ānanda	64
ratti accayena	64
paññavant hoti	64
natthi kiñcīti	64
cakkhuviññeyya rūpā	64
mayhaṃ ānanda	64
tesaṃ aggamakkhāyati	64
viharati tathā	64
citta vinīvaraṇa	64
dhamma sambhavati	64
saṃvijjamāna lokasminti	64
maggaṃ bhāventa	64
upakkilesoti iti	64
dhammacārī samacārī	64
itthisaññī sāratta	64
anekapariyāyena dhamma	64
bhagavā vesālī	64
pariyāyena veditabba	64
dhamma pakāsita	64
paññavā hoti	64
dhammaṃ sayaṃ	64
bhoti kho	64
dhammā sambhavanti	64
bhikkhave bhikkhūnaṃ	64
bhonto sattā	64
maggaṃ bhāvento	64
natthi kiñcīti	64
taṃ vo	64
etadavoca kiṃ	64
rattiyā accayena	64
dhammesu no	64
na evaṃ	64
tesaṃ aggamakkhāyati	64
pariyāyena veditabbaṃ	64
itthisaññī sāratto	64
bhagavā vesāliyaṃ	64
saṃvijjamānā lokasminti	64
sammādiṭṭhiṃ bhāveti	64
ānandaṃ etadavoca	64
satta ca	64
bhāvento ariyaṃ	64
bhikkhu ariyaṃ	64
upakkilesoti iti	64
taṃ kammaṃ	64
cakkhuviññeyyā rūpā	64
upekkhāsatipārisuddhiṃ catutthaṃ	64
nivesanaṃ tenupasaṅkami	64
diṭṭhaṃ sutaṃ	64
maggaṃ bahulīkaronto	64
yenāyasmā ānando	64
bahussuto hoti	64
vedanā saññā	64
pucchati taṃ	63
itthannāma bhariyā	63
me ayaṃ	63
bhikkhave mayā	63
atha khvāhaṃ	63
tuṇhībhāva atha	63
cakkhumant rūpa	63
yampidaṃ manosamphassapaccayā	63
vipassī kumāra	63
andhakāra vā	63
rūpa dakkhantīti	63
duccarita caritvā	63
bhikkhu āsava	63
pahiṇanta gaccha	63
āgacchantaṃ disvāna	63
anicca tatra	63
tuṇhī ahosi	63
ime tayo	63
vā ukkujjeyya	63
atthaṅgama adukkhamasukha	63
paṇīta khādanīya	63
maṃ abhivādetvā	63
yoga karaṇīyoti	63
kho pe	63
ehipassika opaneyyika	63
na samādhi	63
parikkhaya pahāna	63
bho kaccāna	63
sukhī citta	63
eso dhamma	63
bhotā gotama	63
ayaṃ loka	63
caparaṃ ānanda	63
sādhu me	63
sammāsamādhi bhāveti	63
akālika ehipassika	63
dhamma bhāvita	63
ārocesi atha	63
maggaṃ ācikkhati	63
samaya bhikkhu	63
kamma karoti	63
imaṃ kho	63
pe neva	63
adukkhamasukha upekkhāsatipārisuddhi	63
tassā ratti	63
āgacchantaṃ disvāna	63
ekībhāvāya saṃvattati	63
dhammo pakāsito	63
cittaṃ vinīvaraṇaṃ	63
bhotā gotamena	63
anekapariyāyena dhammo	63
dhammā bhāvitā	63
adukkhamasukhaṃ upekkhāsatipārisuddhiṃ	63
atha khvāhaṃ	63
sukhino cittaṃ	63
cakkhumanto rūpāni	63
imaṃ kho	63
tuṇhī ahosi	63
maṃ abhivādetvā	63
vā dhammesu	63
vā ukkujjeyya	63
sādhu me	63
tassā rattiyā	63
rūpāni dakkhantīti	63
sammāsamādhiṃ bhāveti	63
parikkhayāya pahānāya	63
caparaṃ ānanda	63
bhikkhu āsavānaṃ	63
tuṇhībhāvena atha	63
yampidaṃ manosamphassapaccayā	63
yogo karaṇīyoti	63
evaṃ puṭṭhā	63
pe anārambhaṃ	63
eso dhammo	63
bhikkhave mayā	63
pahiṇati gaccha	63
pe neva	63
kho pe	63
pañca idha	63
ime tayo	63
me ayaṃ	63
pañca nīvaraṇe	63
veditabbaṃ yathā	63
pe jivhā	63
samaye bhikkhu	63
atthaṅgamā adukkhamasukhaṃ	63
sotāpanna avinipātadhamma	62
ācikkhati andhakāra	62
arahant sammāsambuddha	62
anupādāya āsava	62
vācāya veramaṇī	62
jhāna pe	62
tāni abhibhuyya	62
vā maggaṃ	62
bhikkhū na	62
bahulīkata yānīkata	62
abhibhuyya jānāti	62
na jānanti	62
telapajjota dhāreti	62
vivarati mūḷha	62
samannāgata ariyasāvaka	62
bhikkhu sammādiṭṭhi	62
upanando sakyaputta	62
paṭicchanna vā	62
khattiya muddhāvasitta	62
mā maṃ	62
suṇāti pe	62
vatthukata anuṭṭhita	62
dhāreti cakkhumant	62
svākkhāta bhagavatā	62
eka vūpakaṭṭha	62
ukkujjeyya paṭicchanna	62
pe yo	62
anuṭṭhita paricita	62
dassanāya upasaṅkamituṃ	62
tīhi dhamma	62
yathā kho	62
yānīkata vatthukata	62
itthī vā	62
vā vivarati	62
paṇītatara ca	62
yāni tāni	62
kāya duccarita	62
santaṃ vā	62
vedanā vutta	62
abhikkantatara ca	62
vā telapajjota	62
evaṃsaññī hoti	62
idampissa hoti	62
mūḷha vā	62
bhūtapubbaṃ bhikkhave	62
mūḷhassa vā	62
andhakāre vā	62
pāṇātipātī hoti	62
devānaṃ tāvatiṃsānaṃ	62
pe yo	62
kharā kaṭukā	62
vā telapajjotaṃ	62
vā vivareyya	62
āpanno pārājikanti	62
etadavoca idha	62
paṭicchannaṃ vā	62
idampissa hoti	62
maggaṃ ācikkheyya	62
nigaṇṭho nāṭaputto	62
santaṃ vā	62
upanando sakyaputto	62
bhikkhu sammādiṭṭhiṃ	62
svākkhāto bhagavatā	62
bhikkhave dhamme	62
dhāreyya cakkhumanto	62
na jānanti	62
bhikkhū na	62
itthī vā	62
evaṃsaññī hoti	62
eko vūpakaṭṭho	62
mayhaṃ ānanda	62
vedanā vuttā	62
ācikkheyya andhakāre	62
abhibhuyya jānāmi	62
ukkujjeyya paṭicchannaṃ	62
dassanāya upasaṅkamituṃ	62
vā maggaṃ	62
bhūtapubbaṃ bhikkhave	62
yāni tāni	62
na sakkoti	62
anupādāya āsavehi	62
mā maṃ	62
duccaritaṃ caritvā	62
bhikkhave kammaṃ	62
evaṃ puccheyyuṃ	62
yathā kho	62
vivareyya mūḷhassa	62
telapajjotaṃ dhāreyya	62
loko natthi	62
tāni abhibhuyya	62
tīhi dhammehi	62
gacchāmi dhammañca	62
bho kaccāna	62
diṭṭhiyā suppaṭividdha	61
bhikkhu sīlavant	61
ca tassa	61
pe ghāna	61
evaṃ dhamma	61
upasama abhiññāya	61
icchā uppajjati	61
bhikkhave indriya	61
tattha parinibbāyī	61
avera abyāpajja	61
vā ettaka	61
paññāya samannāgata	61
vācāya pācittiya	61
sati viññāṇa	61
muta viññāta	61
na dissati	61
diṭṭhadhammasukhavihāra nikāmalābhī	61
dhamma desetu	61
kho panānanda	61
samudaya hoti	61
sukhāya devamanussā	61
pe upāsaka	61
ceva raho	61
parimukhaṃ satiṃ	61
so tassa	61
bhikkhave vedanā	61
paṇidhāya parimukhaṃ	61
viharati na	61
na tvaṃ	61
tatra ce	61
sampajjalita sajotibhūta	61
parinibbāyī anāvattidhamma	61
itthī ca	61
ca khvassa	61
vūpakaṭṭha appamatta	61
taṃ anupādāya	61
saṅgha pe	61
moha ca	61
abhikkantatarañca paṇītatarañca	61
saddha ca	61
tīhi bhikkhave	61
ariyasāvaka evaṃ	61
satiṃ upaṭṭhapetvā	61
hi te	61
yāva sattama	61
sammāsati sammāsamādhi	61
vācāya pācittiyassa	61
na tvaṃ	61
paṇidhāya parimukhaṃ	61
mahāvane kūṭāgārasālāyaṃ	61
sukhāya devamanussānaṃ	61
ca khvassa	61
satiṃ upaṭṭhapetvā	61
bhante saṅgho	61
tatra ce	61
ceva raho	61
ābhicetasikānaṃ diṭṭhadhammasukhavihārānaṃ	61
kho panānanda	61
yāva sattamā	61
so tassa	61
itthī ca	61
averena abyāpajjena	61
samudayo hoti	61
citto gahapati	61
ṭhānena gārayho	61
mutaṃ viññātaṃ	61
hi te	61
tīhi bhikkhave	61
ca tassa	61
pācittiyassa upasampanno	61
māgadho ajātasattu	61
dhammaṃ desetu	61
ajātasattu vedehiputto	61
kiñci sabbāvato	61
vūpakaṭṭho appamatto	61
taṃ anupādāya	61
ayaṃ loko	61
abhikkantatarañca paṇītatarañca	61
aneke pāpakā	61
parimukhaṃ satiṃ	61
diṭṭha ceva	60
uddesa uddiṭṭha	60
rahogata paṭisallīna	60
te bhikkhu	60
tato mudutarehi	60
nisīdi appekacca	60
na santi	60
bhāvanāpāripūri gacchati	60
bhikkhunī bhikkhunī	60
ratti vā	60
pana tumhe	60
lokānukampā atthāya	60
jānato passato	60
saṃkhittena uddesa	60
brahma sahampati	60
divasa vā	60
taṃ tvaṃ	60
yoniso manasikāra	60
āsava citta	60
catūhi bhikkhave	60
taṃ diṭṭhiṃ	60
vā divasa	60
manasā duccarita	60
paṭivijānantassa āpatti	60
deseti ādikalyāṇa	60
vā panassa	60
tena bhikkhave	60
atthi ca	60
hoti sīla	60
na tena	60
bahujanasukhāya lokānukampā	60
na paṭinissajjati	60
parikkhaya opapātika	60
sammādiṭṭhi hoti	60
āvi ceva	60
vusitavant katakaraṇīya	60
opaneyyika paccattaṃ	60
veditabba viññūhīti	60
vācāya duccarita	60
raho ca	60
uddiṭṭha vitthārena	60
pana vo	60
ayaṃ vuccatāvuso	60
tesaṃ aññatitthiya	60
dhamma sikkhitasikkha	60
paccattaṃ veditabbo	60
na samādhismiṃ	60
uddiṭṭhassa vitthārena	60
saṃkhittena uddesassa	60
jānato passato	60
pana tumhe	60
pucchāmi taṃ	60
tesaṃ aññatitthiyānaṃ	60
nisīdiṃsu appekacce	60
jhānaṃ pe	60
pana vo	60
upasamāya abhiññāya	60
bahujanasukhāya lokānukampāya	60
raho ca	60
pārājikassa āpatti	60
catūhi bhikkhave	60
tato mudutarehi	60
uddesassa uddiṭṭhassa	60
suṇātha pe	60
na sevitabbo	60
taṃ tvaṃ	60
paṭivijānantassa āpatti	60
taṃ diṭṭhiṃ	60
bhāvanāpāripūriṃ gacchati	60
na santi	60
ayaṃ vuccatāvuso	60
saddho ca	60
diṭṭhe ceva	60
devā tāvatiṃsā	60
vā ettakāni	60
atthi ca	60
na tena	60
kāyena duccaritaṃ	60
āvi ceva	60
bhagavato pāde	60
tena bhikkhave	60
vā panassa	60
sammādiṭṭhi hoti	60
lokānukampāya atthāya	60
itthattāyāti pajānāti	59
pana mayaṃ	59
gotama dassanāya	59
adhammacārī visamacārī	59
āditta sampajjalita	59
viññāṇañcāyatana samatikkamma	59
anabhāva gameti	59
māra vā	59
cha bhikkhave	59
bhaya veraṃ	59
idhānanda bhikkhu	59
niṭṭhita tassuddānaṃ	59
katama tisso	59
vutta bhagavatāti	59
mātalī devasārathi	59
tathāgata vā	59
samatikkamma natthi	59
pahīna hitāya	59
arūpasaññī eka	59
kopañca dosañca	59
ṭhitiyā asammosa	59
anuttara sammāsambodhi	59
anekavihita iddhividhā	59
bhikkhu satthari	59
citta vimutta	59
yāva na	59
dosañca appaccayañca	59
rūpasaññā samatikkamā	59
vuccati brāhmaṇa	59
pariyāyena sammā	59
kata na	59
sammādiṭṭhi sammāsaṅkappa	59
etaṃ bhikkhave	59
āḷāra kālāma	59
dakkhantīti evamevaṃ	59
nirodhāya paṭipanno	59
bhikkhu sīlavā	59
rūpasaññānaṃ samatikkamā	59
mahapphalā hoti	59
dosañca appaccayañca	59
bhayaṃ veraṃ	59
adhammacārī visamacārī	59
pana mayaṃ	59
viññāṇañcāyatanaṃ samatikkamma	59
pahitatto viharanto	59
vā puriso	59
āyasmantaṃ udāyiṃ	59
bhikkhu satthari	59
pajānāti pe	59
pariyāyena sammā	59
samatikkamma natthi	59
viññū puriso	59
tibbā kharā	59
ceva dhamme	59
etaṃ bhikkhave	59
gotamaṃ dassanāya	59
diṭṭhadhammasukhavihārānaṃ nikāmalābhī	59
paribbājakā evaṃ	59
mātali devasārathi	59
pe sammāsamādhiṃ	59
yāva na	59
anabhāvaṃ gameti	59
dakkhantīti evamevaṃ	59
attāti samanupassati	59
arūpasaññī eko	59
katamo pana	59
katamā tisso	59
ṭhānena pāsaṃso	59
ṭhitiyā asammosāya	59
puriso vā	59
anekavihitaṃ iddhividhaṃ	59
cittaṃ vimuttaṃ	59
kataṃ na	59
saṅghe pe	59
kopañca dosañca	59
dhammā abhiññā	59
bāhā pasāreyya	58
dassanīya pāsādika	58
ca sāriputta	58
paribbājaka bhagavant	58
catunnaṃ iddhipāda	58
dve vā	58
me bhagavā	58
siyā kho	58
viharantaṃ abhijjhādomanassa	58
vutta mayā	58
dukkaṭa adhammakamme	58
sammāvācā sammākammanta	58
sakkaroti garu	58
ohitabhāra anuppattasadattha	58
samaya na	58
ṭhānametaṃ vijjatīti	58
pāhuneyya dakkhiṇeyya	58
tassa na	58
sabbaso viññāṇañcāyatana	58
brahmacariyaṃ pakāseti	58
pariññāya parikkhaya	58
viharati mahāvana	58
pe yaṃ	58
maṃ tvaṃ	58
avibhatta vitthārena	58
pasārita vā	58
katakaraṇīya ohitabhāra	58
dakkhiṇeyya añjalikaraṇīya	58
pabbajita hoti	58
yo koci	58
nikkujjita vā	58
bhikkhū āyasmant	58
pasāreyya pasārita	58
jhāna ābhicetasika	58
sabbaso rūpasaññā	58
bahujanahitāya bahujanasukhāya	58
atthaṃ ājānāti	58
añjalikaraṇīya anuttara	58
abhijjhādomanassa pāpaka	58
ajjhattaṃ cetosamatha	58
hoti tato	58
bhikkhu yena	58
kalandakanivāpa tena	58
saddhā agāra	58
saparikkamana āpatti	58
hi kho	58
sace me	58
anuppattasadattha parikkhīṇabhavasaṃyojana	58
mahaddhana mahābhoga	58
hidaṃ āvuso	58
hi kho	58
samaye na	58
bahujanahitāya bahujanasukhāya	58
saññaṃ saṅkhāre	58
catunnaṃ iddhipādānaṃ	58
saparikkamanaṃ āpatti	58
āsavānaṃ khayāya	58
me bhagavā	58
pabbajito hoti	58
vematikā āpatti	58
jhānānaṃ ābhicetasikānaṃ	58
sace me	58
saddhā agārasmā	58
tassa na	58
anuttaraṃ sammāsambodhiṃ	58
dve vā	58
bhikkhu yena	58
rahogatassa paṭisallīnassa	58
tālāvatthukatā anabhāvaṃkatā	58
abhijjhādomanassā pāpakā	58
siyā kho	58
pasāreyya pasāritaṃ	58
viharantaṃ abhijjhādomanassā	58
kalandakanivāpe tena	58
bāhaṃ pasāreyya	58
hidaṃ āvuso	58
avibhattassa vitthārena	58
sammāvāyāmo sammāsati	58
ṭhānametaṃ vijjatīti	58
vācāya duccaritaṃ	58
nikkujjitaṃ vā	58
dukkaṭassa adhammakamme	58
sabbaso rūpasaññānaṃ	58
hoti tato	58
bhikkhave samaye	58
yo koci	58
jānāti na	58
pe yaṃ	58
maṃ tvaṃ	58
idhānanda bhikkhu	58
sabbaso viññāṇañcāyatanaṃ	58
pasāritaṃ vā	58
manasā duccaritaṃ	58
dhamma anvāssavati	57
bhāsita evaṃ	57
purisa samiñjita	57
kacci te	57
sace maṃ	57
atītānāgatapaccuppanna ajjhattaṃ	57
upasaṅkamitvā evaṃ	57
yenāhaṃ tenupasaṅkami	57
paṭisallīna evaṃ	57
surāmerayamajjapamādaṭṭhāna paṭivirata	57
me so	57
natthi paro	57
idhāhaṃ āvuso	57
na passeyya	57
idaṃ vatvā	57
bhikkhunī vā	57
urattāḷiṃ kandati	57
sudaṃ bhagavā	57
yāvadeva ākaṅkhati	57
yaṃ dūre	57
pabbajita samāna	57
vā bhikkhunī	57
panāvuso sāriputta	57
tisso vijjā	57
vā hi	57
pana hoti	57
paṭhama tassuddānaṃ	57
kho udāyī	57
bhikkhave saṅkhāra	57
āyasmant mahāmoggallāna	57
bhikkhusaṅghañca upāsaka	57
anantaṃ viññāṇanti	57
yena maṃ	57
ekena ṭhāna	57
tassa saṃvara	57
gandha ghāyitvā	57
anumoditvā uṭṭhāyāsanā	57
aññatara rukkhamūla	57
asaṃvuta viharantaṃ	57
so aparena	57
bhikkhū yena	57
vā oḷārika	57
upekkhaka ca	57
anvāssavati tassa	57
ca vaṇṇa	57
orima tīra	57
phassa phassapaccayā	57
bāhā samiñjati	57
puññakkhetta loka	57
bhikkhave ime	57
āvuso bhagavatā	57
dhamma pahāya	57
paṭisallīnassa evaṃ	57
idhāhaṃ āvuso	57
me so	57
upasampanno upasampannaṃ	57
yena maṃ	57
bhikkhave ime	57
pariññāya parikkhayāya	57
anumoditvā uṭṭhāyāsanā	57
āvuso bhagavatā	57
gandhaṃ ghāyitvā	57
sace maṃ	57
ekena ṭhānena	57
diṭṭhisampanno puggalo	57
moghapurisa appasannānaṃ	57
panāvuso sāriputta	57
pabbajito samāno	57
vedanā dukkhā	57
paribbājako bhagavantaṃ	57
akusale dhamme	57
phasso phassapaccayā	57
sudaṃ bhagavā	57
pasenadissa kosalassa	57
bāhaṃ samiñjeyya	57
kacci te	57
anvāssaveyyuṃ tassa	57
natthi paro	57
so aparena	57
tassa saṃvarāya	57
paṭhamo tassuddānaṃ	57
upasaṅkamitvā evaṃ	57
pana hoti	57
puriso samiñjitaṃ	57
dhammā anvāssaveyyuṃ	57
bhikkhū yena	57
asaṃvutaṃ viharantaṃ	57
vā hi	57
anantaṃ viññāṇanti	57
netaṃ moghapurisa	57
tisso vijjā	57
na passeyya	57
brahmā sahampati	57
dukkaṭānaṃ pe	57
idaṃ vatvā	57
yaṃ dūre	57
manussa ujjhāyanti	56
yassa kho	56
idampi kho	56
ānanda etadahosi	56
bhikkhave yaṃ	56
saṅghādisesa āpatti	56
citta pakkhandati	56
upāsaka upāsikā	56
āmantesi ehi	56
pasīdati santiṭṭhati	56
niraya upapanna	56
samatikkamma anantaṃ	56
ananta ākāsoti	56
gihī odātavasana	56
tumhākaṃ taṃ	56
so dhamma	56
araññagata vā	56
ākāsānañcāyatana samatikkamma	56
āpadā ummattaka	56
āhuneyya hoti	56
tenupasaṅkamati upasaṅkamitvā	56
avinipātadhamma niyata	56
dhammavinaya vuddhi	56
pakkhandati pasīdati	56
bhikkhu āhuneyya	56
sannisinna sannipatita	56
ariyasāvaka iti	56
āhāra āhāreti	56
aññaṃ sarīranti	56
namo tassa	56
bahudukkha bahupāyāsa	56
vipariṇāmī aññathābhāvī	56
dussīla pāpadhamma	56
ca idameva	56
maṃ pariyāyena	56
katama tīṇi	56
eko dhammo	56
ca idameva	56
tumhākaṃ taṃ	56
āpadāsu ummattakassa	56
puññakkhettaṃ lokassa	56
idampi kho	56
ākāsānañcāyatanaṃ samatikkamma	56
bhikkhu āhuneyyo	56
bhikkhave rūpaṃ	56
viharati mahāvane	56
ariyasāvako evaṃ	56
ye dhammā	56
bhikkhave yaṃ	56
dhamme pahāya	56
aññaṃ sarīranti	56
dhammavinaye vuddhiṃ	56
upekkhako ca	56
maggaṃ bhāveti	56
paccassosi atha	56
bhāveti ariyaṃ	56
namo tassa	56
ananto ākāsoti	56
anussarati seyyathidaṃ	56
katame cha	56
āhuneyyo hoti	56
maṃ pariyāyena	56
itthattāyāti pajānāti	56
yassa kho	56
ariyasāvako iti	56
katamāni tīṇi	56
samatikkamma anantaṃ	56
samphappalāpā paṭivirato	56
manussā ujjhāyanti	56
yoniso manasi	55
sāmaṃ vā	55
pajānāti so	55
bhikkhu saṅghādisesa	55
karaṇīya pe	55
suppaṭipanna bhagavato	55
sabbaso ākāsānañcāyatana	55
virāga upekkhaka	55
rūpa bhikkhave	55
phoṭṭhabba phusitvā	55
paricita susamāraddha	55
viññāṇa hoti	55
kho citta	55
yāvakīvañca bhikkhave	55
tīṇi vā	55
ājānāti yathā	55
paṭinissajjati āpatti	55
ca tena	55
citta bhāveti	55
saṅkhyā gacchati	55
jhāna samāpajji	55
sabbāvant kāya	55
imassa bhagavatā	55
etadavoca na	55
vā samaṇa	55
aṭṭha dhamma	55
manasi kareyya	55
rañño pasenadi	55
bhayadassāvī samādāya	55
so brāhmaṇa	55
pe upekkhāsambojjhaṅga	55
vā tīṇi	55
pahāna pe	55
kāya vasaṃ	55
eteva bahutara	55
bhagavā tenañjaliṃ	55
saka ācariyaka	55
iddhipāda bhāvitatta	55
bhikkhu pārājika	55
saṃvattati yathayidaṃ	55
sahabyatā upapajjatīti	55
passāmīti evaṃsaññī	55
gaṅgā nadī	55
sabbāvato kāyassa	55
manasi kareyya	55
satta dhammā	55
saṅkhyaṃ gacchati	55
ca tena	55
kho mahānāma	55
passāmīti evaṃsaññī	55
iddhipādānaṃ bhāvitattā	55
suppaṭipanno bhagavato	55
yoniso manasi	55
saṅkhāre viññāṇaṃ	55
nigrodha tapassī	55
ājānāmi yathā	55
bhikkhu pārājikassa	55
yāvakīvañca bhikkhave	55
dhammā katame	55
phoṭṭhabbaṃ phusitvā	55
dhammacārī samacārī	55
kāyena vasaṃ	55
samanupassati na	55
sāmaṃ vā	55
evaṃ dhammaṃ	55
imassa bhagavatā	55
dasa dhammā	55
eteva bahutarā	55
sabbaso ākāsānañcāyatanaṃ	55
rañño pasenadissa	55
orimaṃ tīraṃ	55
bhagavā tenañjaliṃ	55
vā tīṇi	55
āmantesi ehi	55
sahabyataṃ upapajjatīti	55
tīṇi vā	55
pāpassa kammassa	55
samatta samādinna	54
āvuso maggo	54
taṃ sarīranti	54
etadahosi ayaṃ	54
sandiṭṭhika sāmaññaphala	54
phassapaccayā vedanā	54
meti na	54
dhamma sutvā	54
vajja bhayadassāvī	54
kho ayaṃ	54
gotama abhikkantaṃ	54
samatikkamā paṭighasaññā	54
hoti attanā	54
pe seyyathāpi	54
dhammena bhoga	54
brāhmaṇa etadavoca	54
sammodamāna avivadamāna	54
nānattasaññā amanasikāra	54
dhamma saddhamma	54
dhamma appahāya	54
phala adhigama	54
tīhi ṭhāna	54
etadavoca katama	54
paṭighasaññā atthaṅgama	54
bhikkhūti alaṃ	54
adhivattha deva	54
tassa ce	54
sutaṃ hoti	54
upekkhaka satimant	54
aparihāniya dhamma	54
yasmiṃ bhikkhave	54
sirasā vandati	54
vedanā vedanānupassī	54
nibbindaṃ virajjati	54
yāva brahmalokāpi	54
vatvāna sugata	54
itthannāma bhikkhuno	54
na pakkhandati	54
amanasikāra ananta	54
bhāsita atthaṃ	54
jīvita voropeti	54
yampi bhante	54
taṃ ariya	54
bhikkhu aññatara	54
atthaṅgama nānattasaññā	54
taṃ te	54
bhikkhave abhiññāya	54
na santiṭṭhati	54
bhikkhave bhāvita	54
anicca vipariṇāmī	54
rūpa niccaṃ	54
maggaṃ bahulīkaroti	54
sammādiṭṭhika hoti	54
sammāsaṅkappo sammāvācā	54
dhamme ca	54
pe seyyathāpi	54
te dhamme	54
kho udāyi	54
tīhi ṭhānehi	54
kho ayaṃ	54
hoti attanā	54
gacchati na	54
sammādiṭṭhi sammāsaṅkappo	54
vatvāna sugato	54
yasmiṃ bhikkhave	54
bhikkhave aniccaṃ	54
bhikkhūti alaṃ	54
atthaṅgamā nānattasaññānaṃ	54
rūpaṃ niccaṃ	54
āvuso maggo	54
upekkhako satimā	54
pāpake akusale	54
paṭighasaññānaṃ atthaṅgamā	54
amanasikārā ananto	54
taṃ te	54
yāva brahmalokāpi	54
etadahosi ayaṃ	54
dhammaṃ sutvā	54
phalassa adhigamāya	54
anabhāvaṃkatā āyatiṃ	54
abhikkantataro ca	54
samatikkamā paṭighasaññānaṃ	54
nānattasaññānaṃ amanasikārā	54
na pakkhandati	54
yoniso manasikārā	54
taṃ sarīranti	54
virāgā upekkhako	54
paññāya samannāgato	54
phassapaccayā vedanā	54
sutaṃ hoti	54
veditabbo viññūhīti	54
dhammena bhoge	54
bhikkhave mātugāmo	54
nibbindaṃ virajjati	54
paṇītaṃ vā	54
meti na	54
itthannāmassa bhikkhuno	54
na socati	54
yampi bhante	54
bhikkhave abhiññāya	54
na santiṭṭhati	54
bhāsitassa atthaṃ	54
ārocesuṃ atha	54
tassa ce	54
cakkhusamphassapaccayā uppajjati	53
abhibhūta pariyādinnacitta	53
āroceyyāti anupasampanna	53
maraṇa vā	53
kāyo passambhati	53
brahmalokāpi kāya	53
disvā disvā	53
pamudita pīti	53
atthavasa paṭicca	53
satataṃ samitaṃ	53
no bhagavā	53
me sāvaka	53
karohi bhāsissāmīti	53
hoti sīlavant	53
ca evaṃ	53
etadahosi yaṃnūnāhaṃ	53
ācikkhanti upekkhaka	53
nāma ayyā	53
bhikkhave dukkhaṃ	53
paṭipadā etassa	53
nikāmalābhī hoti	53
passaddhakāya sukhaṃ	53
bhagavato avidūre	53
aṇumatta vajja	53
pana brāhmaṇa	53
viññāta patta	53
ca brāhmaṇa	53
bhadra assājānīya	53
pañca ca	53
akhaṇḍa pe	53
sampajāna sukhañca	53
sucarita carati	53
bhagavā dhamma	53
sukhavihārīti tatiyaṃ	53
bhikkhave ariya	53
piṇḍapātapaṭikkanta yena	53
ācāragocarasampanna aṇumatta	53
kittisadda abbhuggata	53
bahutara sattā	53
pītimana kāyo	53
satimant sukhavihārīti	53
seyyathāpi ānanda	53
tesaṃ bhikkhu	53
evaṃ cetasā	53
vā iti	53
pakāsita esāhaṃ	53
vipācenta ye	53
ka bhikkhave	53
patta pariyesita	53
paccassosi āyasmā	53
pātimokkhasaṃvarasaṃvuta viharati	53
uttarimanussadhamma iddhipāṭihāriya	53
saṅgha ayaṃ	53
sā ca	53
ayaṃ imesaṃ	53
passambhati passaddhakāya	53
cetaso upakkilesa	53
attanāva attānaṃ	53
evaṃmahiddhika evaṃmahānubhāva	53
khīṇāsava vusitavant	53
samanupassati yaṃ	53
ariya ācikkhanti	53
arahantaṃ sammāsambuddha	53
nisīdi nisajja	53
bahiddhā ca	53
evaṃ cetasā	53
saṃvattati yathayidaṃ	53
nāma ayyā	53
pañcahi idha	53
āroceyyāti anupasampannassa	53
pītimanassa kāyo	53
bahiddhā ca	53
kāyo passambhati	53
karohi bhāsissāmīti	53
te bhikkhu	53
pe upāsakaṃ	53
gijjhakūṭe pabbate	53
satimā sukhavihārīti	53
diṭṭhiyā suppaṭividdhā	53
bhikkhave dukkhaṃ	53
ācikkhanti upekkhako	53
no bhagavā	53
sā ca	53
bhagavā attamano	53
aṇumattesu vajjesu	53
viharati tathā	53
paṭipadā etassa	53
sammāājīvo sammāvāyāmo	53
etadahosi yaṃnūnāhaṃ	53
bhikkhū āyasmantaṃ	53
pañcahi kāmaguṇehi	53
tesaṃ bhikkhūnaṃ	53
ka bhikkhave	53
vā iti	53
saddhiṃ sammodiṃsu	53
viññātaṃ pattaṃ	53
seyyathāpi ānanda	53
cittassa upakkileso	53
passaddhakāyo sukhaṃ	53
ariyā ācikkhanti	53
ca evaṃ	53
samaṇassa vā	53
ayaṃ imesaṃ	53
disvā disvā	53
pamuditassa pīti	53
taṃ ariyā	53
ambaṭṭho māṇavo	53
bhagavato avidūre	53
pakāsito esāhaṃ	53
satataṃ samitaṃ	53
cakkhusamphassapaccayā uppajjati	53
sammākammanto sammāājīvo	53
nikāmalābhī hoti	53
arahantaṃ sammāsambuddhaṃ	53
pattaṃ pariyesitaṃ	53
saṅgho ayaṃ	53
pajānāti so	53
sukhavihārīti tatiyaṃ	53
bahutarā sattā	53
attanāva attānaṃ	53
brahmalokāpi kāyena	53
sammodiṃsu sammodanīyaṃ	53
ananussuta dhamma	52
deva kumāra	52
evaṃ te	52
viharati ācāragocarasampanna	52
citta cittānupassī	52
sattānaṃ visuddhi	52
ākiñcaññāyatana upasampajja	52
kimhi nu	52
vā yadi	52
samādhi samādhikusala	52
rūpā iṭṭha	52
kho sati	52
ahu paññāya	52
atha purisa	52
taṃ bhagavant	52
uppajjati ajjhattaṃ	52
addhagata vayoanuppatta	52
asantaṃ vā	52
dhamma upasampadā	52
mā ca	52
natthi sattā	52
abbhaññāsi ayaṃ	52
hoti sace	52
asassata lokoti	52
dhamma suṇāti	52
pī ca	52
kho māṇava	52
musā mayā	52
āyasmā upanando	52
caramāna mahatā	52
vāta vāyanti	52
paññāyati no	52
nu so	52
hoti ye	52
hoti akhaṇḍa	52
paññāya abhisamaya	52
upeti na	52
no tumhe	52
deva ca	52
so evamassa	52
etadahosi kimhi	52
dhamma cakkhu	52
manasikāra ahu	52
sammāsamādhi ayaṃ	52
yā ratti	52
āyasmant anuruddha	52
pariyesita anuvicarita	52
imā gāthā	52
pārima tīra	52
te evamāhaṃsu	52
hoti aroga	52
sukhañca kāya	52
kiñcīti ākiñcaññāyatana	52
kho bhikkhunī	52
bhūta tacchaṃ	52
bhikkhave aṅgehi	52
kho upāli	52
dhamma desenti	52
hoti akicchalābhī	52
nibbindati nibbindaṃ	52
na paritassati	52
aneka kusalā	52
pāripūriṃ gacchati	52
bhikkhave bhagavato	52
pajānāti ime	52
ka hoti	52
taṃ purisa	52
āyasmant mahākaccāna	52
bhikkhave deva	52
bhavanti vattāro	52
kho asati	52
so tehi	52
anuvicarita manasā	52
yaṃ idhekacca	52
diṭṭha vā	52
hoti akicchalābhī	52
āyasmā upanando	52
kho māṇava	52
nu so	52
musā mayā	52
divaso vā	52
pañca ca	52
kho asati	52
vā yadi	52
avaṇṇaṃ bhāsati	52
rūpā iṭṭhā	52
evaṃ te	52
atha puriso	52
paññāyati no	52
asassato lokoti	52
vedanaṃ vedeti	52
hoti akhaṇḍehi	52
arogo paraṃ	52
bhavanti vattāro	52
ratti vā	52
bhikkhave aṅgehi	52
so evamassa	52
manasikārā ahu	52
pārimaṃ tīraṃ	52
bhikkhave saṅkhārā	52
anuvicaritaṃ manasā	52
pāripūriṃ gacchati	52
sattānaṃ visuddhiyā	52
hoti sace	52
kiñcīti ākiñcaññāyatanaṃ	52
nisīdi nisajja	52
kimhi nu	52
pe samaṇo	52
aneke kusalā	52
yā ratti	52
hoti ye	52
caramāno mahatā	52
dhammaṃ desenti	52
taṃ purisaṃ	52
no tumhe	52
nibbindati nibbindaṃ	52
ahu paññāya	52
natthi sattā	52
hoti mahānisaṃsā	52
kho sati	52
vātā vāyanti	52
mahānāmo sakko	52
te evamāhaṃsu	52
bhikkhu sabrahmacārīnaṃ	52
etadahosi kimhi	52
paññāya abhisamayo	52
bhūtaṃ tacchaṃ	52
sammādiṭṭhiko hoti	52
dhammaṃ suṇāti	52
bhikkhū etadavoca	52
bhikkhave bhagavato	52
vā divaso	52
pī ca	52
asantaṃ vā	52
pariyesitaṃ anuvicaritaṃ	52
sukhañca kāyena	52
taṃ bhagavantaṃ	52
bhikkhave sappuriso	52
mā ca	52
abbhaññāsiṃ ayaṃ	52
aññatarasmiṃ rukkhamūle	52
hoti arogo	52
samādhismiṃ samādhikusalo	52
ākiñcaññāyatanaṃ upasampajja	52
kho sakko	52
āyasmantaṃ mahāmoggallānaṃ	52
ka hoti	52
kittisaddo abbhuggato	52
sammāvācā sammākammanto	52
ananussutesu dhammesu	52
tenupasaṅkamiṃ upasaṅkamitvā	52
so tehi	52
etthesā taṇhā	51
abbhutaṃ bhante	51
cattāro puggala	51
kāyaviññeyya phoṭṭhabba	51
āmasati parāmasati	51
evaṃ avaca	51
dukkhasmāti vadāmi	51
cakkhu bhikkhave	51
cunda kammāraputta	51
bhāsita vitthārena	51
rāga pahātabba	51
na cāpi	51
bhante abbhutaṃ	51
gaṇhāti chupati	51
dukkhassantakara hoti	51
gahapati bhikkhu	51
pubbe ananussuta	51
kho tesaṃ	51
ettha hotīti	51
cattāro ca	51
pahāna kusalānaṃ	51
kāya kāyaṃ	51
sukhāya bhavissati	51
anāpatti bhikkhave	51
saṃvara paṭipajjati	51
evaṃ kalyāṇa	51
catunnaṃ satipaṭṭhāna	51
pe tīhākārehi	51
paṭipucchati yathā	51
bhikkhave yvāyaṃ	51
te āyasmant	51
ayaṃ purisa	51
acchariyaṃ bhante	51
māneti pūjeti	51
tesaṃ taṃ	51
bho kassapa	51
māṇava bhikkhu	51
sīlavant ca	51
pattacīvaramādāya sāvatthī	51
saṅgha aveccappasāda	51
abhiññāya pariññāya	51
manasi kātabba	51
anukampaṃ upādāyāti	51
pakaraṇa dhammī	51
citta namati	51
abhiññāya evaṃ	51
hoti kāmesumicchācāra	51
āpatti dukkaṭassāti	51
kāmaguṇa samappita	51
pīti jāyati	51
santike pabbajjā	51
khuṃsetukāmo vambhetukāmo	51
pe yampidaṃ	51
ākāsānañcāyatana upasampajja	51
phuṭṭha samāna	51
ceteti na	51
bhagavato sarīra	51
bhikkhunī upāsaka	51
micchādiṭṭhika hoti	51
nāma āyasmā	51
sātarūpa etthesā	51
etha tumhe	51
vācāya manasā	51
jāyati pītimana	51
abbhutaṃ vata	51
santuṭṭha hoti	51
ca seyyathāpi	51
vambhetukāmo maṅkukattukāma	51
bhikkhave lābhasakkārasiloka	51
tasmā tuṇhī	51
viññāṇa na	51
tasmā loka	51
jāyati pītimanassa	51
bhante abbhutaṃ	51
bhikkhave yvāyaṃ	51
pubbe ananussutesu	51
me sāvakā	51
dukkhasmāti vadāmi	51
bhāsitassa evaṃ	51
gaṇhāti chupati	51
tasmā tuṇhī	51
saṅghassa vā	51
ca seyyathāpi	51
nibbānapoṇo nibbānapabbhāro	51
vācāya manasā	51
yathābhūtaṃ nappajānanti	51
āmasati parāmasati	51
phuṭṭho samāno	51
abbhutaṃ vata	51
passambhati passaddhakāyo	51
vā paṇītaṃ	51
thero bhikkhu	51
bhāsitassa vitthārena	51
bho kassapa	51
santuṭṭho hoti	51
evaṃ avaca	51
santike pabbajjaṃ	51
anukampaṃ upādāyāti	51
ayaṃ puriso	51
pakaraṇe dhammiṃ	51
sāvatthiyaṃ piṇḍāya	51
khuṃsetukāmo vambhetukāmo	51
satte passati	51
māṇava bhikkhu	51
cattāro ca	51
kupitā anattamanā	51
sātarūpaṃ etthesā	51
pe tīhākārehi	51
atītānāgatapaccuppannaṃ ajjhattaṃ	51
ākāsānañcāyatanaṃ upasampajja	51
etthesā taṇhā	51
na cāpi	51
pe yampidaṃ	51
evaṃ kalyāṇo	51
rāgo pahātabbo	51
anāpatti bhikkhave	51
bhikkhave lābhasakkārasiloko	51
kāyena kāyaṃ	51
tasmā lokā	51
vambhetukāmo maṅkukattukāmo	51
gotama abhikkantaṃ	51
dukkhassantakaro hoti	51
pīti jāyati	51
bhikkhu saṅghādisesassa	51
abbhutaṃ bhante	51
kho tesaṃ	51
acchariyaṃ bhante	51
catunnaṃ satipaṭṭhānānaṃ	51
cittaṃ namati	51
tesaṃ taṃ	51
suṇāhi sādhukaṃ	51
abhiññāya evaṃ	51
sukhāya bhavissati	51
ettha hotīti	51
etha tumhe	51
abhiññāya pariññāya	51
sampajāno sukhañca	51
āpatti dukkaṭassāti	51
vā tassa	50
yañca kho	50
pañcannaṃ indriya	50
dve ca	50
loka atthi	50
bahussuta dhammadhara	50
āraddhavīriya viharati	50
te paṭisevanta	50
samādhi samāpattikusala	50
tumhe āyasmant	50
upādiyati na	50
vata no	50
yena midhekacco	50
vijjati so	50
dānaṃ datvā	50
pana taṃ	50
puñña karoti	50
acchariyaṃ vata	50
ca sampajāna	50
indriya guttadvāra	50
jarāmaraṇa sokaparidevadukkhadomanassupāyāsā	50
dhamma bhāvanāpāripūri	50
citta abhininnāmeti	50
hoti adinnādāna	50
mama vacana	50
virāga vimuccati	50
nimittaggāhī hoti	50
attānaṃ attani	50
dukkhaṃ yaṃ	50
ānanda tenupasaṅkami	50
saṃvaraṃ āpajjati	50
ṭhānañca kho	50
tuṇhī evametaṃ	50
kho naṃ	50
sevitabbampi asevitabbampi	50
natthi sukatadukkaṭa	50
evaṃ vadeti	50
vihāra paviṭṭha	50
bhikkhave aññatitthiya	50
viññū bahuñca	50
evametaṃ dhārayāmīti	50
bho abbhutaṃ	50
bhikkhave idaṃ	50
āpodhātu tejodhātu	50
panetaṃ āvuso	50
garu karonti	50
sīlasampanna hoti	50
hatūpanisaṃ hoti	50
bhagavant gāthāya	50
sādhu bhante	50
pe puna	50
hoti manāpa	50
sato ca	50
āmantesi anujānāti	50
vedanā vedayati	50
itthattāyāti pajānāmīti	50
hitāya sukhāyāti	50
bhikkhave citta	50
saraṇa gata	50
evaṃ sagga	50
hīnaṃ vā	50
sugata athāparaṃ	50
assati ajānanta	50
samappita samaṅgībhūta	50
dhamma iṭṭha	50
tena lābhasakkārasiloka	50
me taṃ	50
kata buddha	50
hoti iminā	50
kathaṃ bahulīkata	50
sādhu bhikkhave	50
maggo ayaṃ	50
deseti ādikalyāṇaṃ	50
vatāhaṃ kāyassa	50
bhikkhave idaṃ	50
tuṇhī evametaṃ	50
dhammā pe	50
tena lābhasakkārasilokena	50
mama vacanena	50
yañca kho	50
me taṃ	50
hoti iminā	50
kho naṃ	50
garuṃ karonti	50
paṭiggaṇhāti āpatti	50
sevitabbampi asevitabbampi	50
virāgā vimuccati	50
yena midhekacco	50
pe puna	50
sīlasampanno hoti	50
bhikkhave etadahosi	50
aṭṭha dhammā	50
panetaṃ āvuso	50
dukkhaṃ yaṃ	50
itthattāyāti pajānāmīti	50
bhikkhave aññatitthiyā	50
ca vaṇṇaṃ	50
arahanto sammāsambuddhā	50
dhamme appahāya	50
antarāyikā dhammā	50
dve ca	50
āmantesi anujānāmi	50
vijjati so	50
natthi sukatadukkaṭānaṃ	50
evametaṃ dhārayāmīti	50
sugato athāparaṃ	50
passati cavamāne	50
saṃvaraṃ āpajjati	50
pañcannaṃ indriyānaṃ	50
sīlavā ca	50
maggo ayaṃ	50
cittaṃ abhininnāmeti	50
sādhu bhante	50
tumhe āyasmanto	50
sato ca	50
hitāya sukhāyāti	50
asacchikatassa sacchikiriyāya	50
vihāraṃ paviṭṭho	50
acchariyaṃ vata	50
saṅghādisesassa āpatti	50
bho abbhutaṃ	50
na dissati	50
sattamā pitāmahayugā	50
na pariyādāya	50
gahapati bhikkhu	50
kho bhikkhuniyo	50
hīnaṃ vā	50
attānaṃ attani	50
tesaṃ sattānaṃ	50
dānaṃ datvā	50
te paṭisevato	50
kataṃ buddhassa	50
pana brāhmaṇa	50
hatūpanisaṃ hoti	50
sāriputtaṃ etadavoca	50
sādhu bhikkhave	50
viññūnaṃ bahuñca	50
uppajjamānā uppajjati	50
vā tassa	50
pana taṃ	50
ṭhānañca kho	50
bahudukkhā bahupāyāsā	50
bhagavantaṃ gāthāya	50
jarāmaraṇaṃ sokaparidevadukkhadomanassupāyāsā	50
