3 words	count
tena kho pana	1365
tena kho pana	1365
kho pana samaya	1340
kho pana samayena	1340
ekamantaṃ nisinna kho	960
syā kaṃ pī	937
syā kaṃ pī	937
sī syā kaṃ	936
sī syā kaṃ	936
sī syā pī	924
sī syā pī	924
bheda paraṃ maraṇa	889
bhedā paraṃ maraṇā	889
kāya bheda paraṃ	875
kāyassa bhedā paraṃ	875
yena bhagavā tenupasaṅkami	816
atha kho bhagavā	814
atha kho bhagavā	814
ekamantaṃ nisīdi ekamantaṃ	790
nisīdi ekamantaṃ nisinna	789
bhagavā tenupasaṅkami upasaṅkamitvā	756
idha bhikkhave bhikkhu	684
idha bhikkhave bhikkhu	684
eka samaya bhagavā	676
ekaṃ samayaṃ bhagavā	673
katama ca bhikkhave	655
atha kho āyasmā	647
atha kho āyasmā	647
yena bhagavā tenupasaṅkami	641
ekamantaṃ nisīdi ekamantaṃ	619
ekamantaṃ nisinno kho	616
taṃ kissa hetu	600
taṃ kissa hetu	600
taṃ kiṃ maññati	593
bhagavā tenupasaṅkami upasaṅkamitvā	592
ayaṃ vuccati bhikkhave	586
ayaṃ vuccati bhikkhave	586
tenupasaṅkami upasaṅkamitvā bhagavant	574
abhivādetvā ekamantaṃ nisīdi	571
ime kho bhikkhave	561
ime kho bhikkhave	561
bhagavant abhivādetvā ekamantaṃ	552
bhagavā sāvatthī viharati	552
bhagavantaṃ abhivādetvā ekamantaṃ	552
bhagavā sāvatthiyaṃ viharati	552
jetavana anāthapiṇḍika ārāma	544
vā brāhmaṇa vā	542
evaṃ kho bhikkhave	541
evaṃ kho bhikkhave	541
sāvatthī viharati jetavana	539
sāvatthiyaṃ viharati jetavane	539
viharati jetavana anāthapiṇḍika	537
samaṇa vā brāhmaṇa	537
jetavane anāthapiṇḍikassa ārāme	537
viharati jetavane anāthapiṇḍikassa	537
sayaṃ abhiññā sacchikatvā	526
sayaṃ abhiññā sacchikatvā	526
upasaṅkamitvā bhagavant abhivādetvā	523
upasaṅkamitvā bhagavantaṃ abhivādetvā	523
puna caparaṃ bhikkhave	522
puna caparaṃ bhikkhave	522
kho bhikkhave bhikkhu	468
kho bhikkhave bhikkhu	468
evaṃ me sutaṃ	456
evaṃ me sutaṃ	456
hoti tathāgata paraṃ	455
hoti tathāgato paraṃ	455
evameva kho bhikkhave	454
evameva kho bhikkhave	454
me sutaṃ eka	453
sutaṃ eka samaya	453
me sutaṃ ekaṃ	450
sutaṃ ekaṃ samayaṃ	450
tenupasaṅkami upasaṅkamitvā bhagavantaṃ	443
nisīdi ekamantaṃ nisinno	439
abhivādetvā ekamantaṃ nisīdi	432
imehi kho bhikkhave	428
imehi kho bhikkhave	428
evañca pana bhikkhave	427
evañca pana bhikkhave	427
kho te bhikkhū	425
kho te bhikkhū	425
abhiññā sacchikatvā upasampajja	414
abhiññā sacchikatvā upasampajja	414
pāpaka akusala dhamma	403
taṃ kiṃ maññasi	402
jhāna upasampajja viharati	397
idha bhikkhave ekacca	383
ārāma tena kho	372
ārāme tena kho	372
dhamma sayaṃ abhiññā	371
no hetaṃ bhante	370
anāthapiṇḍika ārāma tena	370
no hetaṃ bhante	370
anāthapiṇḍikassa ārāme tena	370
ujjhāyanti khiyyanti vipācenti	367
katamo ca bhikkhave	367
ujjhāyanti khiyyanti vipācenti	367
kho āyasmā ānanda	356
kho āyasmā ānando	356
idha bhikkhave ekacco	353
imaṃ sikkhāpada uddisati	348
jhānaṃ upasampajja viharati	346
samaya buddha bhagavā	345
samayena buddho bhagavā	345
tena samaya buddha	344
tena samayena buddho	344
vipācenti kathañhi nāma	342
khiyyanti vipācenti kathañhi	342
khiyyanti vipācenti kathañhi	342
vipācenti kathañhi nāma	342
pana samaya aññatara	341
nu kho bhante	341
nu kho bhante	341
kho bhikkhave pañca	335
bhikkhave dhamma samannāgata	319
sugatiṃ sagga loka	311
sugatiṃ saggaṃ lokaṃ	311
ariya aṭṭhaṅgika maggaṃ	309
ariyaṃ aṭṭhaṅgikaṃ maggaṃ	309
paraṃ maraṇa sugatiṃ	305
paraṃ maraṇā sugatiṃ	305
maraṇa sugatiṃ sagga	301
te bhikkhū bhagavato	301
te bhikkhū bhagavato	301
maraṇā sugatiṃ saggaṃ	301
dhamme sayaṃ abhiññā	301
diṭṭheva dhamma sayaṃ	300
diṭṭheva dhamme sayaṃ	300
atha kho bhikkhave	295
atha kho bhikkhave	295
atha kho so	292
dhamma samannāgata bhikkhu	292
dhammehi samannāgato bhikkhu	292
atha kho so	292
bhikkhave dhammehi samannāgato	291
buddha bhagavā sāvatthī	288
buddho bhagavā sāvatthiyaṃ	288
appasanna vā pasāda	287
appasannānaṃ vā pasādāya	286
tathāgata paraṃ maraṇāti	283
tathāgato paraṃ maraṇāti	283
pe evañca pana	281
pe evañca pana	281
apāyaṃ duggati vinipāta	280
apāyaṃ duggatiṃ vinipātaṃ	280
kukkucca ahosi pe	277
kukkuccaṃ ahosi pe	277
vā pasāda pe	276
vā pasādāya pe	276
vigarahi buddha bhagavā	270
vigarahi buddho bhagavā	270
duggati vinipāta niraya	269
duggatiṃ vinipātaṃ nirayaṃ	269
bhagavāti vigarahi buddha	268
bhagavāti vigarahi buddho	268
saccaṃ bhagavāti vigarahi	265
saccaṃ bhagavāti vigarahi	265
evamevaṃ kho bhikkhave	264
vā brāhmaṇā vā	264
samaṇā vā brāhmaṇā	264
evamevaṃ kho bhikkhave	264
hoti idha bhikkhave	263
hoti idha bhikkhave	263
samaya bhagavā sāvatthī	261
na hoti tathāgata	261
na hoti tathāgato	261
maraṇa apāyaṃ duggati	260
paraṃ maraṇa apāyaṃ	260
paraṃ maraṇā apāyaṃ	260
maraṇā apāyaṃ duggatiṃ	260
buddha bhagavā pe	259
buddho bhagavā pe	259
samayaṃ bhagavā sāvatthiyaṃ	259
pe kathañhi nāma	257
pe kathañhi nāma	257
bhagavā pe kathañhi	256
viharati ātāpī sampajāna	256
bhagavā pe kathañhi	256
pe saccaṃ kira	255
pasāda pe evañca	255
pasādāya pe evañca	255
pe saccaṃ kira	255
tassa kukkucca ahosi	254
tassa kukkuccaṃ ahosi	254
saddhiṃ sammodi sammodanīya	253
sammodi sammodanīya kathaṃ	253
ātāpī sampajāna satimant	252
imāni kho bhikkhave	251
kathañca bhikkhave bhikkhu	251
sammodanīya kathaṃ sāraṇīya	251
sammodanīyaṃ kathaṃ sāraṇīyaṃ	251
kathañca bhikkhave bhikkhu	251
imāni kho bhikkhave	251
evaṃ bhanteti kho	250
evaṃ bhanteti kho	250
sampajāna satimant vineyya	249
satimant vineyya loka	249
ātāpī sampajāno satimā	248
kathaṃ sāraṇīya vītisāretvā	247
kathaṃ sāraṇīyaṃ vītisāretvā	247
satimā vineyya loke	245
sampajāno satimā vineyya	245
vineyya loka abhijjhādomanassa	243
atha kho te	243
vineyya loke abhijjhādomanassaṃ	243
atha kho te	243
ko nu kho	241
ko nu kho	241
sāraṇīya vītisāretvā ekamantaṃ	240
sāraṇīyaṃ vītisāretvā ekamantaṃ	240
paccassosi bhagavā etadavoca	236
bhagavato paccassosi bhagavā	236
pāpakā akusalā dhammā	236
tenupasaṅkami upasaṅkamitvā āyasmant	235
vītisāretvā ekamantaṃ nisīdi	230
vā anicca vāti	229
idaṃ vuccati bhikkhave	229
idaṃ vuccati bhikkhave	229
anicca vāti anicca	227
syā kaṃ ka	227
syā kaṃ ka	227
nisinna kho āyasmā	225
nisinno kho āyasmā	225
netaṃ ṭhānaṃ vijjati	222
netaṃ ṭhānaṃ vijjati	222
vāti anicca bhante	221
pana samayena aññataro	221
kho so bhikkhu	219
kho so bhikkhu	219
pubbaṇhasamayaṃ nivāsetvā pattacīvaramādāya	216
pubbaṇhasamayaṃ nivāsetvā pattacīvaramādāya	216
bhikkhave imaṃ sikkhāpada	214
pana bhikkhave imaṃ	214
bhikkhave imaṃ sikkhāpadaṃ	214
imaṃ sikkhāpadaṃ uddiseyyātha	214
pana bhikkhave imaṃ	214
kho bhagavā bhikkhū	213
bhagavā bhikkhū āmantesi	213
imasmiṃ attha adhippeta	213
kho bhagavā bhikkhū	213
bhagavā bhikkhū āmantesi	213
hoti kathañca bhikkhave	211
hoti kathañca bhikkhave	211
ayaṃ imasmiṃ attha	209
ayaṃ imasmiṃ atthe	209
ariya aṭṭhaṅgika maggo	208
bhikkhave ekacca puggala	208
ariyo aṭṭhaṅgiko maggo	208
kiṃ nu kho	207
kiṃ nu kho	207
pe ayaṃ imasmiṃ	206
pe ayaṃ imasmiṃ	206
yathābhataṃ nikkhitta evaṃ	205
puna caparaṃ āvuso	205
puna caparaṃ āvuso	205
bhagavato etamatthaṃ ārocesi	202
viharati ātāpī sampajāno	202
karaṇīya nāpara itthattāyāti	198
kata karaṇīya nāpara	198
hetu ko paccaya	198
hetu ko paccayo	198
kataṃ karaṇīyaṃ nāparaṃ	198
karaṇīyaṃ nāparaṃ itthattāyāti	198
jāti vusita brahmacariyaṃ	197
khīṇa jāti vusita	197
vusita brahmacariyaṃ kata	197
brahmacariyaṃ kata karaṇīya	197
idha pana bhikkhave	197
jāti vusitaṃ brahmacariyaṃ	197
idha pana bhikkhave	197
brahmacariyaṃ kataṃ karaṇīyaṃ	197
vusitaṃ brahmacariyaṃ kataṃ	197
khīṇā jāti vusitaṃ	197
ekamantaṃ nisinnaṃ kho	195
ca kho bhikkhave	194
ca kho bhikkhave	194
ekamantaṃ ṭhita kho	193
idameva saccaṃ moghamaññanti	191
idameva saccaṃ moghamaññanti	191
samaya aññatara bhikkhu	190
bhagavato paccassosuṃ bhagavā	190
paccassosuṃ bhagavā etadavoca	190
ye te bhikkhū	188
bhikkhū bhagavato paccassosi	188
bhikkhū bhagavato paccassosuṃ	188
ye te bhikkhū	188
bhante yaṃ panāniccaṃ	187
bhante yaṃ panāniccaṃ	187
bhagavā arahaṃ sammāsambuddha	186
taṃ kiṃ maññatha	186
bhagavā arahaṃ sammāsambuddho	186
sammodi sammodanīyaṃ kathaṃ	186
saddhiṃ sammodi sammodanīyaṃ	186
yaṃ panāniccaṃ dukkhaṃ	185
caparaṃ bhikkhave bhikkhu	185
yaṃ panāniccaṃ dukkhaṃ	185
caparaṃ bhikkhave bhikkhu	185
netaṃ mama nesohamasmi	183
samayena aññataro bhikkhu	183
netaṃ mama nesohamasmi	183
rājā pasenadi kosala	182
sagga loka upapajjati	182
mama nesohamasmi na	182
rājā pasenadi kosalo	182
katamā ca bhikkhave	182
mama nesohamasmi na	182
nesohamasmi na meso	181
na meso attāti	181
nesohamasmi na meso	181
na meso attāti	181
saddhiṃ saṃsandati sameti	179
saddhiṃ saṃsandanti samenti	179
nu kho āvuso	178
nu kho āvuso	178
neva hoti na	177
hoti na na	177
na na hoti	177
hoti na na	177
neva hoti na	177
na na hoti	177
kho bhikkhave pañca	177
so kho ahaṃ	176
puggala santo saṃvijjamāna	176
so kho ahaṃ	176
ye hi keci	175
ye hi keci	175
sukhaṃ vā dukkhaṃ	174
vā dukkhaṃ vā	174
khaya anāsava cetovimutti	174
khayā anāsavaṃ cetovimuttiṃ	174
vā dukkhaṃ vā	174
sukhaṃ vā dukkhaṃ	174
dukkhaṃ vā adukkhamasukha	173
vinipāta niraya upapajjati	173
vā adukkhamasukha vā	173
yathābhataṃ nikkhitto evaṃ	173
vā adukkhamasukhaṃ vā	173
dukkhaṃ vā adukkhamasukhaṃ	173
anāsava cetovimutti paññāvimutti	172
piyarūpa kāmūpasaṃhita rajanīya	172
anāsavaṃ cetovimuttiṃ paññāvimuttiṃ	172
evametaṃ yathābhūtaṃ sammappaññāya	171
paññāvimutti diṭṭheva dhamma	171
cetovimutti paññāvimutti diṭṭheva	171
paññāvimuttiṃ diṭṭheva dhamme	171
bhagavato etamatthaṃ ārocesuṃ	171
cetovimuttiṃ paññāvimuttiṃ diṭṭheva	171
evametaṃ yathābhūtaṃ sammappaññāya	171
satthā devamanussā buddha	170
appamatta ātāpī pahitatta	170
satthā devamanussānaṃ buddho	170
kho āyasmā sāriputta	169
ahosi pe anāpatti	169
vītisāretvā ekamantaṃ nisīdi	169
kho āyasmā sāriputto	169
ahosi pe anāpatti	169
yena bhagavā tenupasaṅkamiṃsu	168
abhivādetvā padakkhiṇaṃ katvā	167
abhivādetvā padakkhiṇaṃ katvā	167
bhikkhave ekacco puggalo	167
sī pī ka	166
ayaṃ dukkhanirodhagāmī paṭipadāti	166
vematika āpatti dukkaṭa	166
sī pī ka	166
puggalā santo saṃvijjamānā	166
ayaṃ dukkhanirodhagāminī paṭipadāti	166
bhikkhave pañca dhamma	165
nisīdi ekamantaṃ nisinnaṃ	164
iti kho panetaṃ	163
tatra kho bhagavā	163
tatra kho bhagavā	163
iti kho panetaṃ	163
kho pana bhikkhave	162
kho panetaṃ vutta	162
kho panetaṃ vuttaṃ	162
kho pana bhikkhave	162
sacchikatvā upasampajja viharati	161
saññā saṅkhāra viññāṇa	160
niccaṃ vā anicca	160
bhagavā tenupasaṅkamiṃsu upasaṅkamitvā	160
vā aniccaṃ vāti	160
aniccaṃ vāti aniccaṃ	160
niccaṃ vā aniccaṃ	160
āpatti dukkaṭa anāpatti	158
kho bhikkhave pañcahi	158
āpatti dukkaṭassa anāpatti	158
pañca dhamma samannāgata	157
bhagavato arahato sammāsambuddha	157
bhagavato arahato sammāsambuddhassa	157
ekamantaṃ nisīdiṃsu ekamantaṃ	156
āsava khaya anāsava	154
paṭhamaṃ jhāna upasampajja	154
dhamma dhammānupassī viharati	154
paṭhamaṃ jhānaṃ upasampajja	154
vāti aniccaṃ bhante	154
āsavānaṃ khayā anāsavaṃ	154
anekavihita pubbenivāsa anussarati	153
itipi so bhagavā	153
itipi so bhagavā	153
kho bhikkhave cattāro	152
kho bhikkhave cattāro	152
tassa evaṃ hoti	151
tassa evaṃ hoti	151
hoti imehi kho	150
hoti imehi kho	150
bhikkhave appasanna vā	149
netaṃ bhikkhave appasanna	149
netaṃ bhikkhave appasannānaṃ	149
bhikkhave appasannānaṃ vā	149
saccaṃ kira bhikkhave	148
saccaṃ kira bhikkhave	148
pana samaya āyasmā	147
yathābhūtaṃ pajānāti ayaṃ	147
sāvatthī viharati pe	147
pana samayena āyasmā	147
yathābhūtaṃ pajānāti ayaṃ	147
sāvatthiyaṃ viharati pe	147
cakkhu visuddha atikkantamānusaka	145
cakkhunā visuddhena atikkantamānusakena	145
ṭhānaṃ kho panetaṃ	144
te ujjhāyanti khiyyanti	144
abhikkantaṃ bho gotama	144
pana bhikkhave ekacca	144
te ujjhāyanti khiyyanti	144
ṭhānaṃ kho panetaṃ	144
abhikkantaṃ bho gotama	144
dibba cakkhu visuddha	143
bhagavā rājagaha viharati	143
bhagavā rājagahe viharati	143
dibbena cakkhunā visuddhena	143
kiṃ maññati bhikkhave	142
suṇāti sādhukaṃ manasi	142
kiṃ maññatha bhikkhave	142
kho bhikkhave dve	141
kho bhikkhave dve	141
kāye kāyānupassī viharati	140
pe anāpatti bhikkhu	140
bhikkhu bhagavant etadavoca	140
imesaṃ kho bhikkhave	140
santo saṃvijjamāna loka	140
sammā vadamāna vadeyya	140
pe anāpatti bhikkhu	140
imesaṃ kho bhikkhave	140
sammā vadamāno vadeyya	140
bhikkhu bhagavantaṃ etadavoca	140
pañcahi dhammehi samannāgato	140
uppajjati vedayita sukhaṃ	139
vedayita sukhaṃ vā	139
te bhikkhū appiccha	139
vedayitaṃ sukhaṃ vā	139
te bhikkhū appicchā	139
uppajjati vedayitaṃ sukhaṃ	139
yaṃ taṃ vutta	138
kho ahaṃ bhante	138
kho bhagavā āyasmant	138
kho ahaṃ bhante	138
yaṃ taṃ vuttaṃ	138
no ca kho	137
catutthaṃ jhāna upasampajja	137
yo pana bhikkhu	137
catutthaṃ jhānaṃ upasampajja	137
yo pana bhikkhu	137
no ca kho	137
vivekanissita virāganissita nirodhanissita	136
vivekanissitaṃ virāganissitaṃ nirodhanissitaṃ	136
idamavoca bhagavā attamana	135
hoti atha kho	135
hoti atha kho	135
abhivādetvā ekamantaṃ nisīdiṃsu	135
dhammesu dhammānupassī viharati	135
bhikkhave pañcahi dhammehi	135
pana samaya chabbaggiya	134
iṭṭha kantā manāpa	134
bhikkhave bhikkhunī imaṃ	134
cetasā ceto paricca	134
pana bhikkhave bhikkhunī	134
virāganissita nirodhanissita vossaggapariṇāmī	134
bhikkhunī imaṃ sikkhāpada	134
ātāpī pahitatta viharanta	134
bhāveti vivekanissita virāganissita	134
devamanussā buddha bhagavāti	134
evametassa kevala dukkhakkhandha	134
imaṃ sikkhāpadaṃ uddisantu	134
bhāveti vivekanissitaṃ virāganissitaṃ	134
bhikkhuniyo imaṃ sikkhāpadaṃ	134
devamanussānaṃ buddho bhagavāti	134
pana bhikkhave bhikkhuniyo	134
evametassa kevalassa dukkhakkhandhassa	134
iṭṭhā kantā manāpā	134
virāganissitaṃ nirodhanissitaṃ vossaggapariṇāmiṃ	134
bhikkhave bhikkhuniyo imaṃ	134
cetasā ceto paricca	134
samāraka sabrahmaka sassamaṇabrāhmaṇa	133
eso me attāti	133
eso me attāti	133
pana samayena chabbaggiyā	133
bhagavā avoca tatthetaṃ	132
iti yaṃ taṃ	132
etamatthaṃ bhagavā avoca	132
bhagavā avoca tatthetaṃ	132
iti yaṃ taṃ	132
etamatthaṃ bhagavā avoca	132
kho bhagavā āyasmantaṃ	132
appiccha pe te	131
attāti evametaṃ yathābhūtaṃ	131
hi keci bhikkhave	131
bhagavatā saddhiṃ sammodi	131
bhikkhū appiccha pe	131
bhikkhave samaṇa vā	131
appicchā pe te	131
hi keci bhikkhave	131
bhikkhū appicchā pe	131
pana bhikkhave ekacco	131
attāti evametaṃ yathābhūtaṃ	131
katama nu kho	130
moghapurisa appasanna vā	130
netaṃ moghapurisa appasanna	130
pe te ujjhāyanti	130
vā brāhmaṇo vā	130
pe te ujjhāyanti	130
etaṃ mama esohamasmi	129
āpatti vācāya vācāya	129
uddisati yo pana	129
paññatta āsana nisīdi	129
sikkhāpada uddisati yo	129
esohamasmi eso me	129
atthāya hitāya sukhāya	129
mama esohamasmi eso	129
ko paccaya yena	129
meso attāti evametaṃ	129
uddiseyyātha yo pana	129
etaṃ mama esohamasmi	129
ko paccayo yena	129
sikkhāpadaṃ uddiseyyātha yo	129
āpatti vācāya vācāya	129
esohamasmi eso me	129
atthāya hitāya sukhāya	129
mama esohamasmi eso	129
meso attāti evametaṃ	129
caparaṃ āvuso bhikkhu	128
caparaṃ āvuso bhikkhu	128
bhikkhave samaṇā vā	128
nu kho bho	127
acchariya abbhuta dhamma	127
tenupasaṅkamiṃsu upasaṅkamitvā bhagavantaṃ	127
nu kho bho	127
atha kho āyasmato	126
kathañhi nāma bhikkhave	126
kho bho gotama	126
kathañhi nāma bhikkhave	126
samaṇo vā brāhmaṇo	126
atha kho āyasmato	126
kho bho gotama	126
ajjatagge pāṇupeta saraṇa	125
vedanā saññā saṅkhāra	125
evaṃ diṭṭhi uppajjati	123
uddisati yā pana	123
yā pana bhikkhunī	123
sikkhāpada uddisati yā	123
so kāya bheda	123
kho bhikkhave vipassī	123
so kāyassa bhedā	123
uddisantu yā pana	123
sikkhāpadaṃ uddisantu yā	123
idametaṃ paṭicca vutta	122
kiñcetaṃ paṭicca vutta	122
pañcannaṃ orambhāgiya saṃyojana	122
kiñcetaṃ paṭicca vuttaṃ	122
pañcannaṃ orambhāgiyānaṃ saṃyojanānaṃ	122
idametaṃ paṭicca vuttaṃ	122
ca na ca	121
agāra anagāriyaṃ pabbajita	121
sattā kāya bheda	121
upasampajja viharati so	121
yā pana bhikkhunī	121
sattā kāyassa bhedā	121
ca na ca	121
samaṇabrāhmaṇā evaṃvādī evaṃdiṭṭhī	120
imā kho bhikkhave	120
imā kho bhikkhave	120
ekamantaṃ aṭṭhāsi ekamantaṃ	119
aṭṭhāsi ekamantaṃ ṭhita	119
bhagavant abhivādetvā padakkhiṇaṃ	119
yasmā ca kho	119
manāpa piyarūpa kāmūpasaṃhita	119
upasampajja viharati so	119
tenupasaṅkami upasaṅkamitvā āyasmantaṃ	119
yasmā ca kho	119
bhagavantaṃ abhivādetvā padakkhiṇaṃ	119
paññatte āsane nisīdi	119
kāye kāyānupassī viharati	119
vutta idametaṃ paṭicca	118
saṃvattati puna caparaṃ	118
ekamantaṃ aṭṭhāsi ekamantaṃ	118
saṃvattati puna caparaṃ	118
ajjatagge pāṇupetaṃ saraṇaṃ	118
vuttaṃ idametaṃ paṭicca	118
santo saṃvijjamānā lokasmiṃ	118
samaya bhagavā rājagaha	117
pañca bhikkhave dhamma	117
tā ujjhāyanti khiyyanti	117
samaya chabbaggiya bhikkhū	117
tenupasaṅkami upasaṅkamitvā bhagavatā	117
samayena chabbaggiyā bhikkhū	117
ekamantaṃ nisinnā kho	117
samayaṃ bhagavā rājagahe	117
samaṇabrāhmaṇā evaṃvādino evaṃdiṭṭhino	117
pañcahi bhikkhave dhammehi	117
tā ujjhāyanti khiyyanti	117
dhāretu ajjatagge pāṇupeta	116
samaṇa khalu bho	116
katama pañca idha	116
upasaṅkamitvā bhagavatā saddhiṃ	116
tā bhikkhunī appiccha	116
yā tā bhikkhunī	116
tā bhikkhuniyo appicchā	116
upasaṅkamitvā bhagavatā saddhiṃ	116
yā tā bhikkhuniyo	116
atha kho aññatara	115
nisinna kho so	115
adukkhamasukha vā tampi	115
pāṇātipāta paṭivirata hoti	115
upasaṅkamitvā paññatta āsana	115
ādīnavañca nissaraṇañca yathābhūtaṃ	115
agārasmā anagāriyaṃ pabbajito	115
upasaṅkamitvā paññatte āsane	115
nisinno kho so	115
adukkhamasukhaṃ vā tampi	115
ādīnavañca nissaraṇañca yathābhūtaṃ	115
khalu bho gotama	114
panāti yā yādisa	114
yā panāti yā	114
yā panāti yā	114
panāti yā yādisā	114
assādañca ādīnavañca nissaraṇañca	113
bhagavatā iti me	113
bhikkhunī appiccha pe	113
yato ca kho	113
nāpara itthattāyāti pajānātīti	113
yā yādisa pe	113
kho bhikkhave puggala	113
pe tā ujjhāyanti	113
vutta bhagavatā iti	113
iti me sutanti	113
appiccha pe tā	113
imasmiṃ atthe adhippetā	113
anekavihitaṃ pubbenivāsaṃ anussarati	113
iti me sutanti	113
vutto bhagavatā iti	113
yato ca kho	113
yā yādisā pe	113
bhagavatā iti me	113
bhikkhuniyo appicchā pe	113
nāparaṃ itthattāyāti pajānātīti	113
appicchā pe tā	113
assādañca ādīnavañca nissaraṇañca	113
pe tā ujjhāyanti	113
attha vutta bhagavatā	112
attha adhippeta bhikkhunīti	112
tena bhagavatā jānatā	112
vuttañhetaṃ bhagavatā vuttamarahatāti	112
kāsāya vattha acchādetvā	112
ayampi attha vutta	112
avoca tatthetaṃ iti	112
vuttamarahatāti me sutaṃ	112
bhagavatā vuttamarahatāti me	112
tatthetaṃ iti vuccati	112
kho pana me	112
tena bhagavatā jānatā	112
kho pana me	112
vuttañhetaṃ bhagavatā vuttamarahatāti	112
bhagavatā vuttamarahatāti me	112
tatthetaṃ iti vuccati	112
avoca tatthetaṃ iti	112
pāṇātipātā paṭivirato hoti	112
sacchikatvā upasampajja viharati	112
ayampi attho vutto	112
attho vutto bhagavatā	112
atthe adhippetā bhikkhunīti	112
vuttamarahatāti me sutaṃ	112
kāsāyāni vatthāni acchādetvā	112
bhikkhunīti pe ayaṃ	111
kho rājā pasenadi	111
yādisa pe bhikkhunīti	111
pe bhikkhunīti pe	111
tenupasaṅkami upasaṅkamitvā paññatta	111
āmasati āpatti dukkaṭa	111
kesamassu ohāretvā kāsāya	111
akusala dhamma pahāna	111
ohāretvā kāsāya vattha	111
pe bhikkhunīti pe	111
kho rājā pasenadi	111
āmasati āpatti dukkaṭassa	111
bhikkhunīti pe ayaṃ	111
yādisā pe bhikkhunīti	111
kesamassuṃ ohāretvā kāsāyāni	111
ohāretvā kāsāyāni vatthāni	111
ye te samaṇabrāhmaṇā	110
hetu ayaṃ paccaya	110
hetu ayaṃ paccayo	110
ye te samaṇabrāhmaṇā	110
sampajānamusā bhaṇanta āpatti	109
katama cattāro idha	109
upasampajja viharati ayaṃ	109
atha kho rājā	109
taṃ vutta idametaṃ	109
pajānāti yathā ca	109
hoti tañca pajānāti	109
vattha acchādetvā agāra	109
acchādetvā agāra anagāriyaṃ	109
vatthāni acchādetvā agārasmā	109
pajānāti yathā ca	109
hoti tañca pajānāti	109
sampajānamusā bhaṇantassa āpatti	109
taṃ vuttaṃ idametaṃ	109
katame cattāro idha	109
vematiko āpatti dukkaṭassa	109
atha kho rājā	109
acchādetvā agārasmā anagāriyaṃ	109
passanta arahatā sammāsambuddha	108
jānatā passanta arahatā	108
bhagavatā jānatā passanta	108
bhikkhū āmantesi bhikkhavoti	108
orambhāgiya saṃyojana parikkhaya	108
jānatā passatā arahatā	108
bhagavatā jānatā passatā	108
kho bhikkhave puggalo	108
upasampajja viharati ayaṃ	108
passatā arahatā sammāsambuddhena	108
bhikkhū āmantesi bhikkhavoti	108
orambhāgiyānaṃ saṃyojanānaṃ parikkhayā	108
kathañca bhikkhave puggala	107
nikkhitta evaṃ niraya	107
ujjhāyanta khiyyanta vipācenta	107
pāṇupeta saraṇa gatanti	107
pāpakānaṃ akusalānaṃ dhammānaṃ	107
kathañca bhikkhave puggalo	107
tenupasaṅkami upasaṅkamitvā bhagavatā	107
pāṇupetaṃ saraṇaṃ gatanti	107
sevato akusala dhamma	106
kantā manāpa piyarūpa	106
vo bhikkhave deseti	106
vinipātaṃ nirayaṃ upapajjati	106
dhāretu ajjatagge pāṇupetaṃ	106
sevato akusalā dhammā	106
vo bhikkhave desessāmi	106
kantā manāpā piyarūpā	106
bhagavatā saddhiṃ sammodi	106
nisinna kho te	105
bhāsissāmīti evaṃ bhanteti	105
bhadanteti te bhikkhū	105
te bhonto samaṇabrāhmaṇā	105
pana bho gotama	105
bhadanteti te bhikkhū	105
te bhonto samaṇabrāhmaṇā	105
bhāsissāmīti evaṃ bhanteti	105
bhikkhavoti bhadanteti te	104
āmantesi bhikkhavoti bhadanteti	104
vipula mahaggata appamāṇa	104
tāyaṃ velā imaṃ	104
nāhaṃ bhikkhave aññaṃ	104
bhikkhavoti bhadanteti te	104
tāyaṃ velāyaṃ imaṃ	104
pana bho gotama	104
manāpā piyarūpā kāmūpasaṃhitā	104
āmantesi bhikkhavoti bhadanteti	104
piyarūpā kāmūpasaṃhitā rajanīyā	104
nāhaṃ bhikkhave aññaṃ	104
rājagaha viharati veḷuvana	103
kittāvatā nu kho	103
kittāvatā nu kho	103
tenupasaṅkami upasaṅkamitvā paññatte	103
imaṃ udānaṃ udānesi	102
vivicceva kāmehi vivicca	102
nibbidā virāga nirodha	102
vivicca akusala dhamma	102
vā purisa vā	102
kāmehi vivicca akusala	102
mahatā bhikkhusaṅgha saddhiṃ	102
mahatā bhikkhusaṅghena saddhiṃ	102
vivicca akusalehi dhammehi	102
vivicceva kāmehi vivicca	102
kāmehi vivicca akusalehi	102
imaṃ udānaṃ udānesi	102
syā pī ka	101
nisīdi atha kho	101
ye ca kho	101
sakkatvā garu katvā	101
sakkatvā garuṃ katvā	101
rājagahe viharati veḷuvane	101
ye ca kho	101
syā pī ka	101
loka samāraka sabrahmaka	100
panetaṃ vutta kiñcetaṃ	100
pañca idha bhikkhave	100
api ca kho	100
vutta kiñcetaṃ paṭicca	100
idaṃ dukkhanti yathābhūtaṃ	100
api ca kho	100
panetaṃ vuttaṃ kiñcetaṃ	100
vuttaṃ kiñcetaṃ paṭicca	100
nisīdiṃsu ekamantaṃ nisinnā	100
katame ca bhikkhave	100
idaṃ dukkhanti yathābhūtaṃ	100
muccati āpatti saṅghādisesa	99
me bhante bhagavā	99
tālāvatthukata anabhāvaṃkata āyatiṃ	99
anicca bhante yaṃ	99
so tato cuta	99
pe ayaṃ dukkhanirodhagāmī	99
viharati veḷuvana kalandakanivāpa	99
kaṃ pī ka	99
akusala dhamma savitakka	99
eka samaya āyasmā	99
me bhante bhagavā	99
kaṃ pī ka	99
akusalānaṃ dhammānaṃ pahānāya	99
akusalehi dhammehi savitakkaṃ	99
ekaṃ samayaṃ āyasmā	99
muccati āpatti saṅghādisesassa	99
so tato cuto	99
pe ayaṃ dukkhanirodhagāminī	99
mahaggata appamāṇa avera	98
pakkāmi atha kho	98
savicāra vivekaja pītisukha	98
ca loka ca	98
samudayañca atthaṅgamañca assādañca	98
chandaṃ janeti vāyamati	98
iti puṭṭha samāna	98
savitakka savicāra vivekaja	98
pītisukha paṭhamaṃ jhāna	98
dhamma savitakka savicāra	98
vivekaja pītisukha paṭhamaṃ	98
tatra te chando	98
vipulena mahaggatena appamāṇena	98
samudayañca atthaṅgamañca assādañca	98
kho bhikkhave vipassissa	98
vivekajaṃ pītisukhaṃ paṭhamaṃ	98
pakkāmi atha kho	98
mahaggatena appamāṇena averena	98
savitakkaṃ savicāraṃ vivekajaṃ	98
tatra te chando	98
savicāraṃ vivekajaṃ pītisukhaṃ	98
pītisukhaṃ paṭhamaṃ jhānaṃ	98
dhammehi savitakkaṃ savicāraṃ	98
panāti yo yādisa	97
atta ca loka	97
yo panāti yo	97
attha adhippeta bhikkhūti	97
pācittiyanti yā panāti	97
viharati veḷuvane kalandakanivāpe	97
pācittiyanti yā panāti	97
yo panāti yo	97
attā ca loko	97
panāti yo yādiso	97
imasmiṃ atthe adhippeto	97
ca loko ca	97
atthe adhippeto bhikkhūti	97
dve vassa chasu	96
evaṃ vutta āyasmā	96
brāhmaṇa bhagavant etadavoca	96
yo yādisa pe	96
pariyosānakalyāṇa sāttha sabyañjana	96
ādikalyāṇa majjhekalyāṇa pariyosānakalyāṇa	96
dhamma samannāgata yathābhataṃ	96
yādisa pe bhikkhūti	96
paccavekkhamāna evaṃ jānāti	96
saṃvijjamāna loka katama	96
anicca bhante pe	96
vassa chasu dhamma	96
pe bhikkhūti pe	96
evaṃ samāhita citta	96
kevalaparipuṇṇa parisuddha brahmacariyaṃ	96
samannāgata yathābhataṃ nikkhitta	96
atha ca pana	96
majjhekalyāṇa pariyosānakalyāṇa sāttha	96
dhammehi samannāgato yathābhataṃ	96
saṃvijjamānā lokasmiṃ katame	96
vassāni chasu dhammesu	96
yo yādiso pe	96
yādiso pe bhikkhūti	96
evaṃ vutte āyasmā	96
kevalaparipuṇṇaṃ parisuddhaṃ brahmacariyaṃ	96
samaṇo khalu bho	96
atha ca pana	96
samannāgato yathābhataṃ nikkhitto	96
dve vassāni chasu	96
atha kho aññataro	96
evaṃ samāhite citte	96
chandaṃ janeti vāyamati	96
pe bhikkhūti pe	96
bhāsita abhinanditvā anumoditvā	95
bhikkhūti pe ayaṃ	95
bhikkhave vipassī bodhisatta	95
viditvā tāyaṃ velā	95
kathañhi nāma bhikkhunī	95
gāma vā nigama	95
dhamma desita ājānāti	95
pe katama ca	95
dukkhanirodhagāmī paṭipadāti yathābhūtaṃ	95
bhāsitaṃ abhinanditvā anumoditvā	95
bhikkhūti pe ayaṃ	95
viditvā tāyaṃ velāyaṃ	95
dukkhanirodhagāminī paṭipadāti yathābhūtaṃ	95
keci bhikkhave samaṇa	94
evañhi vo bhikkhave	94
samādapeti attanā ca	94
āpatti dukkaṭa anupasampanna	94
sādhukaṃ manasi karoti	94
evañhi vo bhikkhave	94
iti puṭṭho samāno	94
samādapeti attanā ca	94
keci bhikkhave samaṇā	94
khalu bho gotamo	94
cattāro idha bhikkhave	93
panāniccaṃ dukkhaṃ vipariṇāmadhamma	93
arahaṃ sammāsambuddha vijjācaraṇasampanna	93
vā nigama vā	93
hoti puna caparaṃ	93
hoti puna caparaṃ	93
sādhukaṃ manasi karotha	93
arahaṃ sammāsambuddho vijjācaraṇasampanno	93
panāniccaṃ dukkhaṃ vipariṇāmadhammaṃ	93
brāhmaṇo bhagavantaṃ etadavoca	93
suṇātha sādhukaṃ manasi	93
cattāro idha bhikkhave	93
panāniccaṃ dukkhaṃ vā	92
atha kho ānanda	92
vijjācaraṇasampanna sugata lokavidū	92
taṃ sukhaṃ vāti	92
dhammānupassī viharati ātāpī	92
atthaṅgamañca assādañca ādīnavañca	92
sugata lokavidū anuttara	92
bhanteti kho te	92
purisadammasārathi satthā devamanussā	92
sukhaṃ vāti dukkhaṃ	92
sabrahmaka sassamaṇabrāhmaṇa pajāya	92
sassamaṇabrāhmaṇa pajāya sadevamanussa	92
vā taṃ sukhaṃ	92
parisuddha pariyodāta anaṅgaṇa	92
sammāsambuddha vijjācaraṇasampanna sugata	92
bhikkhave sutavant ariyasāvaka	92
anuttara purisadammasārathi satthā	92
dukkhaṃ vā taṃ	92
lokavidū anuttara purisadammasārathi	92
purisadammasārathi satthā devamanussānaṃ	92
panāniccaṃ dukkhaṃ vā	92
sugato lokavidū anuttaro	92
bhanteti kho te	92
taṃ sukhaṃ vāti	92
anuttaro purisadammasārathi satthā	92
atthaṅgamañca assādañca ādīnavañca	92
sammāsambuddho vijjācaraṇasampanno sugato	92
bhikkhave vipassissa bodhisattassa	92
vijjācaraṇasampanno sugato lokavidū	92
sassamaṇabrāhmaṇiyā pajāya sadevamanussāya	92
vā taṃ sukhaṃ	92
lokavidū anuttaro purisadammasārathi	92
dukkhaṃ vā taṃ	92
sukhaṃ vāti dukkhaṃ	92
sukha ca pahāna	91
aññatitthiya paribbājaka evaṃ	91
ānanda bhagavant etadavoca	91
kāyānupassī viharati ātāpī	91
āyasmā ānanda bhagavant	91
māgadha ajātasattu vedehiputta	91
bhikkhu kāye kāyānupassī	91
atha kho sā	91
bhikkhave bhikkhu na	91
pariyodāta anaṅgaṇa vigatūpakkilesa	91
dutiyaṃ jhāna upasampajja	91
abhivādetvā ekamantaṃ aṭṭhāsi	91
bhikkhu kāye kāyānupassī	91
sukhassa ca pahānā	91
dutiyaṃ jhānaṃ upasampajja	91
ānando bhagavantaṃ etadavoca	91
atha kho sā	91
āyasmā ānando bhagavantaṃ	91
nikkhitto evaṃ niraye	91
duvidhena vadāmi sevitabbampi	90
dukkhaṃ bhante yaṃ	90
uṭṭhāyāsanā bhagavant abhivādetvā	90
so bhikkhu bhagavant	90
bahiddhā rūpa passati	90
vāti dukkhaṃ bhante	90
yathābhūtaṃ sammappaññāya daṭṭhabba	90
bahiddhā rūpāni passati	90
bhikkhave bhikkhu na	90
so bhikkhu bhagavantaṃ	90
dukkhaṃ bhante yaṃ	90
yathābhūtaṃ sammappaññāya daṭṭhabbaṃ	90
vāti dukkhaṃ bhante	90
uṭṭhāyāsanā bhagavantaṃ abhivādetvā	90
duvidhena vadāmi sevitabbampi	90
abhivādetvā ekamantaṃ aṭṭhāsi	90
vācāya paṭivirata hoti	89
te kāya bheda	89
sāyanhasamayaṃ paṭisallāna vuṭṭhito	89
yathākammūpaga satta pajānāti	89
manasi karoti bhāsissāmīti	89
manasi karotha bhāsissāmīti	89
te kāyassa bhedā	89
sāyanhasamayaṃ paṭisallānā vuṭṭhito	89
etamatthaṃ ārocesi pe	88
bhante hetu ko	88
sabyañjana kevalaparipuṇṇa parisuddha	88
kho bhikkhave cha	88
velā imaṃ udānaṃ	88
janeti vāyamati vīriya	88
paraṃ maraṇāti vā	88
tamahaṃ brūmi brāhmaṇa	88
hoti evaṃ kho	88
sāttha sabyañjana kevalaparipuṇṇa	88
mahapphala hoti mahānisaṃsa	88
araññavanapatthāni panta senāsana	88
bhagavā etamatthaṃ viditvā	88
citta parisuddha pariyodāta	88
kho bhagavā etamatthaṃ	88
araññavanapatthāni pantāni senāsanāni	88
bhagavā etamatthaṃ viditvā	88
paraṃ maraṇāti vā	88
bhante hetu ko	88
citte parisuddhe pariyodāte	88
tamahaṃ brūmi brāhmaṇaṃ	88
velāyaṃ imaṃ udānaṃ	88
hoti evaṃ kho	88
kho bhagavā etamatthaṃ	88
parisuddhe pariyodāte anaṅgaṇe	88
etamatthaṃ viditvā tāyaṃ	87
vigatūpakkilesa mudubhūta kammaniya	87
samāhita citta parisuddha	87
atha kho sambahula	87
vāyamati vīriya ārabhati	87
kammaniya ṭhita āneñjappatta	87
mudubhūta kammaniya ṭhita	87
so bhavaṃ gotama	87
pana samaya sambahula	87
anaṅgaṇa vigatūpakkilesa mudubhūta	87
appamatto ātāpī pahitatto	87
mudubhūte kammaniye ṭhite	87
vācāya paṭivirato hoti	87
so bhavaṃ gotamo	87
pariyodāte anaṅgaṇe vigatūpakkilese	87
samāhite citte parisuddhe	87
nisīdi atha kho	87
anaṅgaṇe vigatūpakkilese mudubhūte	87
etamatthaṃ viditvā tāyaṃ	87
vigatūpakkilese mudubhūte kammaniye	87
kammaniye ṭhite āneñjappatte	87
attamana te bhikkhū	86
ārāma atha kho	86
ārabhati citta paggaṇhāti	86
citta paggaṇhāti padahati	86
sammādiṭṭhi pe sammāsamādhi	86
te chando pahātabba	86
catūhi dhamma samannāgata	86
te chando pahātabbo	86
attamanā te bhikkhū	86
janeti vāyamati vīriyaṃ	86
cittaṃ paggaṇhāti padahati	86
atha kho ānanda	86
ekamantaṃ ṭhito kho	86
ārabhati cittaṃ paggaṇhāti	86
bhikkhave aññaṃ ekadhammampi	85
bhikkhave ekacca jhāyī	85
te bhikkhū āyasmato	85
vīriya ārabhati citta	85
sauddesaṃ anekavihita pubbenivāsa	85
sākāraṃ sauddesaṃ anekavihita	85
bhagavant etadavoca abhikkantaṃ	85
taṃ suṇāti sādhukaṃ	85
so bhagavā arahaṃ	85
bhanteti kho āyasmā	85
iti sākāraṃ sauddesaṃ	85
sadevaka loka samāraka	85
aññaṃ ekadhammampi samanupassati	85
dhammī kathaṃ katvā	85
dhammiṃ kathaṃ katvā	85
aññaṃ ekadhammampi samanupassāmi	85
bhikkhave ekacco jhāyī	85
ārāme atha kho	85
vāyamati vīriyaṃ ārabhati	85
so bhagavā arahaṃ	85
iti sākāraṃ sauddesaṃ	85
vīriyaṃ ārabhati cittaṃ	85
sauddesaṃ anekavihitaṃ pubbenivāsaṃ	85
bhikkhave aññaṃ ekadhammampi	85
etamatthaṃ ārocesuṃ pe	85
bhanteti kho āyasmā	85
nisinnā kho te	85
te bhikkhū āyasmato	85
sākāraṃ sauddesaṃ anekavihitaṃ	85
hoti ca na	84
na ca hoti	84
seyyathidaṃ sammādiṭṭhi pe	84
pīti ca virāga	84
visuddha atikkantamānusaka satta	84
yathā kathaṃ pana	84
vuccati bhikkhave bhikkhu	84
akusala dhamma parihāyati	84
ekamantaṃ ṭhitā kho	84
na ca hoti	84
vuccati bhikkhave bhikkhu	84
yathā kathaṃ pana	84
akusalā dhammā parihāyanti	84
pītiyā ca virāgā	84
hoti ca na	84
visuddhena atikkantamānusakena satte	84
sabyañjanaṃ kevalaparipuṇṇaṃ parisuddhaṃ	84
sātthaṃ sabyañjanaṃ kevalaparipuṇṇaṃ	84
etadavoca ko nu	83
nu kho bhikkhave	83
ca hoti tathāgata	83
cetasā vipula mahaggata	83
anāthapiṇḍika ārāma atha	83
pe ekamantaṃ nisinna	83
samāpajji samāpajjati samāpanna	83
ko pana vāda	83
eka disaṃ pharitvā	83
no hidaṃ bho	83
kho māra pāpimant	83
cetasā eka disaṃ	83
kho bhikkhave tayo	83
saccaṃ kira tumhe	83
iti kho bhikkhave	83
ko pana vādo	83
idamavoca bhagavā attamanā	83
no hidaṃ bho	83
cetasā vipulena mahaggatena	83
ca hoti tathāgato	83
pe katamo ca	83
nu kho bhikkhave	83
iti kho bhikkhave	83
kho bhikkhave tayo	83
bhikkhave sutavā ariyasāvako	83
ekaṃ disaṃ pharitvā	83
atha kho sambahulā	83
saccaṃ kira tumhe	83
anāthapiṇḍikassa ārāme atha	83
cetasā ekaṃ disaṃ	83
tasmiṃ samaya bhikkhuno	82
āyasmā ānanda bhagavato	82
pubbenivāsa anussarati seyyathidaṃ	82
tatiyaṃ jhāna upasampajja	82
vā paṇīta vā	82
samādāya sikkhati sikkhāpada	82
pe evametassa kevala	82
bhagavatā dhamma desita	82
akusala dhamma abhivaḍḍhati	82
tasmiṃ samaye bhikkhuno	82
pe evametassa kevalassa	82
akusalā dhammā abhivaḍḍhanti	82
seyyathidaṃ sammādiṭṭhi pe	82
āyasmā ānando bhagavato	82
tatiyaṃ jhānaṃ upasampajja	82
taṃ jīvaṃ taṃ	81
bhaṇanta āpatti pārājika	81
aññaṃ jīvaṃ aññaṃ	81
atha kho māra	81
bhagavato bhāsita abhinandunti	81
ujjhāyantānaṃ khiyyantānaṃ vipācentānaṃ	81
bhaṇantassa āpatti pārājikassa	81
aññaṃ jīvaṃ aññaṃ	81
bhagavato bhāsitaṃ abhinandunti	81
taṃ jīvaṃ taṃ	81
sammādiṭṭhi pe sammāsamādhi	81
tañca pajānāti yathā	80
evamidhekacca sattā kāya	80
bhikkhu paccavekkhamāna evaṃ	80
ca samanuñña hoti	80
kho bhikkhave ariyasāvaka	80
ceto paricca pajānāti	80
ayameva ariya aṭṭhaṅgika	80
tathāgata paraṃ maraṇa	80
saraṇa gacchati dhammañca	80
dukkhaṃ domanassa paṭisaṃvedeti	80
imaṃ puggala vadāmi	80
bhikkhū bhagavato bhāsita	80
atha kho eteva	80
tathāgato paraṃ maraṇā	80
ca samanuñño hoti	80
evamidhekacce sattā kāyassa	80
atha kho eteva	80
bhikkhu paccavekkhamāno evaṃ	80
dukkhaṃ domanassaṃ paṭisaṃvedeti	80
imaṃ puggalaṃ vadāmi	80
bhikkhū bhagavato bhāsitaṃ	80
ayameva ariyo aṭṭhaṅgiko	80
tañca pajānāti yathā	80
pe nāpara itthattāyāti	79
ujuṃ kāyaṃ paṇidhāya	79
deva sahabyatā upapajjati	79
paṇīta suvaṇṇa dubbaṇṇa	79
ābhujitvā ujuṃ kāyaṃ	79
so evaṃ samāhita	79
upapajjamāna hīna paṇīta	79
bhagavā attamana te	79
kho so bhikkhave	79
suvaṇṇa dubbaṇṇa sugata	79
tathūpamāhaṃ bhikkhave imaṃ	79
pallaṅka ābhujitvā ujuṃ	79
dubbaṇṇa sugata duggata	79
deseti taṃ suṇāti	79
bhagavā pe satthā	79
kho mārisa moggallāna	79
ahosi atha kho	79
hīna paṇīta suvaṇṇa	79
yatra hi nāma	79
ahosi pe āpatti	79
cavamāna upapajjamāna hīna	79
paṇīte suvaṇṇe dubbaṇṇe	79
ābhujitvā ujuṃ kāyaṃ	79
cavamāne upapajjamāne hīne	79
ahosi pe āpattiṃ	79
bhagavā pe satthā	79
kho mārisa moggallāna	79
pallaṅkaṃ ābhujitvā ujuṃ	79
ahosi atha kho	79
bhagavā attamanā te	79
tathūpamāhaṃ bhikkhave imaṃ	79
dubbaṇṇe sugate duggate	79
kho so bhikkhave	79
upapajjamāne hīne paṇīte	79
yatra hi nāma	79
pana samayena sambahulā	79
suvaṇṇe dubbaṇṇe sugate	79
ujuṃ kāyaṃ paṇidhāya	79
etadavoca ko nu	79
pe nāparaṃ itthattāyāti	79
so evaṃ samāhite	79
hīne paṇīte suvaṇṇe	79
pe satthā devamanussā	78
tvaṃ bhikkhu āpanna	78
kathañhi nāma chabbaggiya	78
vuddhi virūḷhi vepulla	78
āyasmant ānanda āmantesi	78
dhamma abhivaḍḍhati kusalā	78
yato kho bhikkhave	78
sāvatthinidāna atha kho	78
idha bhikkhave ariyasāvaka	78
dukkaṭa anāpatti asañcicca	78
āpatti tvaṃ bhikkhu	78
imaṃ gāthaṃ abhāsi	78
abhivaḍḍhati kusalā dhamma	78
na kho ahaṃ	78
na kho ahaṃ	78
tvaṃ bhikkhu āpanno	78
āyasmantaṃ ānandaṃ āmantesi	78
pe satthā devamanussānaṃ	78
sāvatthinidānaṃ atha kho	78
dhammā abhivaḍḍhanti kusalā	78
vuddhiṃ virūḷhiṃ vepullaṃ	78
āpattiṃ tvaṃ bhikkhu	78
aniccaṃ bhante yaṃ	78
evaṃ diṭṭhi uppajjati	78
dukkaṭassa anāpatti asañcicca	78
idha bhikkhave ariyasāvako	78
kathañhi nāma chabbaggiyā	78
paccavekkhamāno evaṃ jānāti	78
abhivaḍḍhanti kusalā dhammā	78
yato kho bhikkhave	78
nidāna etasmiṃ pakaraṇa	77
aṭṭhaṅgika maggaṃ bhāveti	77
paṭipadāti yathābhūtaṃ pajānāti	77
gahapati vā gahapatiputta	77
bhikkhave thullanandā bhikkhunī	77
nibbānaninna hoti nibbānapoṇa	77
maggaṃ bhāveti ariya	77
dutiyaṃ tathā tatiyaṃ	77
me attāti no	77
vitthārena atthaṃ avibhatta	77
tathā tatiyaṃ tathā	77
sa kho so	77
tatiyaṃ tathā catutthaṃ	77
ca pana me	77
sabbadhi sabbattata sabbāvant	77
gacchati dhammañca bhikkhusaṅghañca	77
bhāveti ariya aṭṭhaṅgika	77
sabbattata sabbāvant loka	77
tathā dutiyaṃ tathā	77
aveccappasāda samannāgata hoti	77
agāra anagāriyaṃ pabbajanti	77
agāra anagāriyaṃ pabbajati	77
anussarati seyyathidaṃ ekampi	77
garu katvā upanissāya	77
etasmiṃ nidāna etasmiṃ	77
vitthārena atthaṃ avibhattassa	77
garuṃ katvā upanissāya	77
agārasmā anagāriyaṃ pabbajanti	77
tatiyaṃ tathā catutthaṃ	77
imaṃ gāthaṃ abhāsi	77
tathā dutiyaṃ tathā	77
sabbadhi sabbattatāya sabbāvantaṃ	77
dutiyaṃ tathā tatiyaṃ	77
ca pana me	77
sabbattatāya sabbāvantaṃ lokaṃ	77
me attāti no	77
sa kho so	77
tathā tatiyaṃ tathā	77
nibbānaninno hoti nibbānapoṇo	77
bhikkhave thullanandā bhikkhunī	77
etasmiṃ nidāne etasmiṃ	77
nidāne etasmiṃ pakaraṇe	77
seyyathidaṃ ekampi jāti	76
saccaṃ kira tvaṃ	76
uddhamadho tiriyaṃ sabbadhi	76
piṇḍāya caritvā pacchābhattaṃ	76
bhikkhu vivicceva kāmehi	76
pe āpatti tvaṃ	76
bhagavā etasmiṃ nidāna	76
loka abhijjhādomanassa vedanā	76
te sattā ye	76
kho bhagavā etasmiṃ	76
tiriyaṃ sabbadhi sabbattata	76
iti uddhamadho tiriyaṃ	76
cakkhu rūpa disvā	76
vā gahapatiputta vā	76
loke abhijjhādomanassaṃ vedanāsu	76
saccaṃ kira tvaṃ	76
seyyathidaṃ ekampi jātiṃ	76
iti uddhamadho tiriyaṃ	76
pe āpattiṃ tvaṃ	76
tiriyaṃ sabbadhi sabbattatāya	76
kathañhi nāma bhikkhuniyo	76
piṇḍāya caritvā pacchābhattaṃ	76
bhagavā etasmiṃ nidāne	76
uddhamadho tiriyaṃ sabbadhi	76
kho bhagavā etasmiṃ	76
te sattā ye	76
bhikkhu vivicceva kāmehi	76
aveccappasādena samannāgato hoti	76
paṭipadāti yathābhūtaṃ pajānāti	76
cakkhunā rūpaṃ disvā	76
kho māro pāpimā	76
nibbidāya virāgāya nirodhāya	76
vimutta vimuttamiti ñāṇa	75
yo anādariya paṭicca	75
kho bhikkhave satta	75
abhinivissa evaṃ diṭṭhi	75
te bhikkhave bhikkhū	75
bahulīkaronta nibbānaninna hoti	75
appaka te sattā	75
so bhagavā pe	75
ca bhikkhu ca	75
attāti no hetaṃ	75
kulaputta sammadeva agāra	75
sāratta ca bhikkhu	75
bhagavato pāda sirasā	75
so evaṃ pajānāti	75
tassa mayhaṃ bhikkhave	75
parihāyati kusalā dhamma	75
dhamma parihāyati kusalā	75
katvā bhikkhū āmantesi	75
kathaṃ katvā bhikkhū	75
abhinivissa evaṃ diṭṭhi	75
sāratto ca bhikkhu	75
katvā bhikkhū āmantesi	75
bahulīkaronto nibbānaninno hoti	75
tassa mayhaṃ bhikkhave	75
dhammā parihāyanti kusalā	75
te bhikkhave bhikkhū	75
so bhagavā pe	75
yo anādariyaṃ paṭicca	75
bhagavantaṃ etadavoca abhikkantaṃ	75
appakā te sattā	75
kulaputtā sammadeva agārasmā	75
parihāyanti kusalā dhammā	75
vimuttasmiṃ vimuttamiti ñāṇaṃ	75
attāti no hetaṃ	75
catūhi dhammehi samannāgato	75
kathaṃ katvā bhikkhū	75
ca bhikkhu ca	75
kallaṃ nu taṃ	74
taṃ samanupassituṃ etaṃ	74
nu taṃ samanupassituṃ	74
kho me bhante	74
manussa ujjhāyanta khiyyanta	74
samanupassituṃ etaṃ mama	74
sukatadukkaṭa kamma phalaṃ	74
pabbajanti tadanuttaraṃ brahmacariyapariyosāna	74
vipariṇāmadhamma kallaṃ nu	74
tadanuttaraṃ brahmacariyapariyosāna diṭṭheva	74
dukkhaṃ vipariṇāmadhamma kallaṃ	74
kho bhikkhave appaka	74
ceteti upakkamati muccati	74
tesaṃ manussa ujjhāyanta	74
kho bhikkhave catūhi	74
bhikkhave appaka te	74
brahmacariyapariyosāna diṭṭheva dhamma	74
sammadeva agāra anagāriyaṃ	74
sikkhāpada paññatta hoti	74
bhikkhu ca naṃ	74
brahmacariyapariyosānaṃ diṭṭheva dhamme	74
samādāya sikkhati sikkhāpadesu	74
tadanuttaraṃ brahmacariyapariyosānaṃ diṭṭheva	74
tesaṃ manussānaṃ ujjhāyantānaṃ	74
nu taṃ samanupassituṃ	74
samanupassituṃ etaṃ mama	74
dukkhaṃ vipariṇāmadhammaṃ kallaṃ	74
sammadeva agārasmā anagāriyaṃ	74
atha kho māro	74
ceteti upakkamati muccati	74
kho bhikkhave catūhi	74
vipariṇāmadhammaṃ kallaṃ nu	74
bhikkhu ca naṃ	74
sukatadukkaṭānaṃ kammānaṃ phalaṃ	74
pabbajanti tadanuttaraṃ brahmacariyapariyosānaṃ	74
sikkhāpadaṃ paññattaṃ hoti	74
kho bhikkhave appakā	74
kho me bhante	74
manussānaṃ ujjhāyantānaṃ khiyyantānaṃ	74
kallaṃ nu taṃ	74
bhikkhave appakā te	74
taṃ samanupassituṃ etaṃ	74
soka parideva dukkha	73
kathañhi nāma tumhe	73
vā bahiddhā vā	73
buddha aveccappasāda samannāgata	73
ayaṃ paccaya yena	73
upāsaka maṃ bhavaṃ	73
kira tumhe bhikkhave	73
anagāriyaṃ pabbajanti tadanuttaraṃ	73
bhikkhave bhikkhu ariya	73
dukkha domanassa upāyāsa	73
abhiññāya sambodha nibbāna	73
karoti bhāsissāmīti evaṃ	73
nāma tumhe moghapurisa	73
sāvatthinidāna ekamantaṃ nisinna	73
ekaṃsaṃ uttarāsaṅga karitvā	73
upakkamati muccati āpatti	73
parideva dukkha domanassa	73
paridevehi dukkhehi domanassehi	73
saññā saṅkhārā viññāṇaṃ	73
abhiññāya sambodhāya nibbānāya	73
moghapurisā appasannānaṃ vā	73
upāsakaṃ maṃ bhavaṃ	73
karotha bhāsissāmīti evaṃ	73
sokehi paridevehi dukkhehi	73
dukkhehi domanassehi upāyāsehi	73
ayaṃ paccayo yena	73
netaṃ moghapurisā appasannānaṃ	73
gāmaṃ vā nigamaṃ	73
upakkamati muccati āpatti	73
saggaṃ lokaṃ upapajjati	73
saggaṃ lokaṃ upapajjanti	73
kira tumhe bhikkhave	73
nāma tumhe moghapurisā	73
vā bahiddhā vā	73
kathañhi nāma tumhe	73
anagāriyaṃ pabbajanti tadanuttaraṃ	73
ekaṃsaṃ uttarāsaṅgaṃ karitvā	73
khādanīya vā bhojanīya	72
bhavaṃ gotama dhāretu	72
adinnādāna paṭivirata hoti	72
gotama dhāretu ajjatagge	72
ārāma tatra kho	72
vā bhojanīya vā	72
evaṃnāma evaṃgotta evaṃvaṇṇa	72
āyasmant ānanda etadavoca	72
na heva kho	72
evaṃgotta evaṃvaṇṇa evamāhāra	72
uppāda uppanna vā	72
anāthapiṇḍika ārāma tatra	72
bhagavant etadavoca ko	72
vuccati kittāvatā nu	72
evamāyupariyanta so tato	72
hoti tena kho	72
taṃ kudāssu bhavissati	72
tassa mayhaṃ bhante	72
tassa mayhaṃ bhante	72
taṃ kudāssu bhavissati	72
evaṃnāmo evaṃgotto evaṃvaṇṇo	72
acchariyo abbhuto dhammo	72
evaṃgotto evaṃvaṇṇo evamāhāro	72
evamāyupariyanto so tato	72
bhavaṃ gotamo dhāretu	72
desessāmi taṃ suṇātha	72
na heva kho	72
ārāme tatra kho	72
anāthapiṇḍikassa ārāme tatra	72
bhagavatā dhammaṃ desitaṃ	72
gotamo dhāretu ajjatagge	72
hoti tena kho	72
duggata yathākammūpaga satta	71
atthi nu kho	71
ekampi jāti dvepi	71
vitakkavicārā vūpasama ajjhattaṃ	71
nu kho so	71
bhikkhave imaṃ puggala	71
aṭṭhaṅgika maggaṃ bahulīkaronta	71
pāṭikaṅkha no parihāni	71
atikkantamānusaka satta passati	71
vūpasama ajjhattaṃ sampasādana	71
pe samaṇa khalu	71
jāti dvepi jātiyo	71
dūre santike vā	71
sugata duggata yathākammūpaga	71
hoti na ca	71
kho ahaṃ āvuso	71
tathā catutthaṃ iti	71
dūre santike vā	71
atthi nu kho	71
vitakkavicārānaṃ vūpasamā ajjhattaṃ	71
jātiṃ dvepi jātiyo	71
bhikkhave imaṃ puggalaṃ	71
kho ahaṃ āvuso	71
nu kho so	71
sugate duggate yathākammūpage	71
vūpasamā ajjhattaṃ sampasādanaṃ	71
tathā catutthaṃ iti	71
pe ekamantaṃ nisinno	71
pana samayena aññatarassa	71
ekampi jātiṃ dvepi	71
vā nigamaṃ vā	71
pāṭikaṅkhā no parihāni	71
duggate yathākammūpage satte	71
bho gotama pe	70
manasā dhamma viññāya	70
hoti khīṇa jāti	70
kho aññatara bhikkhu	70
yo hi koci	70
satta passati cavamāna	70
loka piyarūpa sātarūpa	70
disaṃ pharitvā viharati	70
bhagavaṃmūlaka no bhante	70
pana samaya bhagavā	70
musāvāda paṭivirata hoti	70
no bhante dhamma	70
catutthaṃ iti uddhamadho	70
so bhikkhave bhikkhu	70
bhagavato santike imaṃ	70
eka bahiddhā rūpa	70
paccassosi atha kho	70
yo hi koci	70
vuccati kittāvatā nu	70
eko bahiddhā rūpāni	70
kho aññataro bhikkhu	70
pana samayena bhagavā	70
bhagavantaṃ etadavoca ko	70
no bhante dhammā	70
loke piyarūpaṃ sātarūpaṃ	70
so bhikkhave bhikkhu	70
bhagavato santike imaṃ	70
catutthaṃ iti uddhamadho	70
bhagavaṃmūlakā no bhante	70
manasā dhammaṃ viññāya	70
hoti khīṇā jāti	70
adinnādānā paṭivirato hoti	70
bho gotama pe	70
dhammānupassī viharati ātāpī	70
pe dhamma dhammānupassī	69
pahāna dukkha ca	69
bhagavā pubbaṇhasamayaṃ nivāsetvā	69
yassatthāya kulaputta sammadeva	69
kho bhagavā pubbaṇhasamayaṃ	69
tiṇṇaṃ saṃyojana parikkhaya	69
nicca vā anicca	69
abhikkanta ratti abhikkantavaṇṇa	69
caritvā pacchābhattaṃ piṇḍapātapaṭikkanta	69
ca me citta	69
kho āyasmā mahāmoggallāna	69
ca pahāna dukkha	69
gaccha bhante itthannāma	69
anuttara puññakkhetta lokassāti	69
ajjhattaṃ vā bahiddhā	69
kevala dukkhakkhandha nirodha	69
sutaṃ sammukhā paṭiggahita	69
hi bho gotama	69
dukkha ca pahāna	69
passati cavamāna upapajjamāna	69
āyasmā ānanda yena	69
ca me cittaṃ	69
kevalassa dukkhakkhandhassa nirodho	69
yassatthāya kulaputtā sammadeva	69
so evaṃ pajānāti	69
kho bhagavā pubbaṇhasamayaṃ	69
āyasmā ānando yena	69
loke samārake sabrahmake	69
appamattassa ātāpino pahitattassa	69
ajjhattaṃ vā bahiddhā	69
ca pahānā dukkhassa	69
anuttaraṃ puññakkhettaṃ lokassāti	69
dhammaṃ desitaṃ ājānāmi	69
kho āyasmā mahāmoggallāno	69
pe dhammesu dhammānupassī	69
taṃ suṇātha sādhukaṃ	69
sabrahmake sassamaṇabrāhmaṇiyā pajāya	69
dukkhassa ca pahānā	69
hi bho gotama	69
pahānā dukkhassa ca	69
bhagavā pubbaṇhasamayaṃ nivāsetvā	69
tiṇṇaṃ saṃyojanānaṃ parikkhayā	69
sutaṃ sammukhā paṭiggahitaṃ	69
kāyānupassī viharati ātāpī	69
gaccha bhante itthannāmaṃ	69
samārake sabrahmake sassamaṇabrāhmaṇiyā	69
bhikkhave bhikkhu kāye	68
kusalā dhamma parihāyati	68
kho so purisa	68
niṭṭhita tena samaya	68
evaṃvaṇṇa evamāhāra evaṃsukhadukkhappaṭisaṃvedī	68
seyyathāpi nāma balavant	68
vīmaṃsati paccāharati āpatti	68
kho bhikkhave pañcannaṃ	68
jātiyā jarāya maraṇa	68
evaṃ so tenaṅgena	68
assosuṃ kho bhikkhū	68
pācittiyanti yo panāti	68
vuccati katama nu	68
seyyathāpi bhikkhave purisa	68
ratti abhikkantavaṇṇa kevalakappaṃ	68
evaṃsukhadukkhappaṭisaṃvedī evamāyupariyanta so	68
evamāhāra evaṃsukhadukkhappaṭisaṃvedī evamāyupariyanta	68
paññatta hoti tena	68
evamāhāro evaṃsukhadukkhappaṭisaṃvedī evamāyupariyanto	68
kho bhikkhave pañcannaṃ	68
evaṃvaṇṇo evamāhāro evaṃsukhadukkhappaṭisaṃvedī	68
jātiyā jarāya maraṇena	68
khādanīyaṃ vā bhojanīyaṃ	68
bhikkhave bhikkhu kāye	68
hoti na ca	68
kusalā dhammā parihāyanti	68
kho so puriso	68
niṭṭhitaṃ tena samayena	68
seyyathāpi nāma balavā	68
pācittiyanti yo panāti	68
musāvādā paṭivirato hoti	68
paññattaṃ hoti tena	68
evaṃsukhadukkhappaṭisaṃvedī evamāyupariyanto so	68
assosuṃ kho bhikkhū	68
vīmaṃsati paccāharati āpatti	68
samāpajjiṃ samāpajjāmi samāpanno	68
evaṃ so tenaṅgena	68
vā bhojanīyaṃ vā	68
pharusa vācāya paṭivirata	67
dhamma pe saṅgha	67
ajjhattaṃ sampasādana cetaso	67
yathāsuta yathāpariyatta dhamma	67
evaṃ passaṃ pe	67
anekapariyāyena vigarahitvā bhagavato	67
pītisukha dutiyaṃ jhāna	67
vā āpatti dukkaṭa	67
vigarahitvā bhagavato etamatthaṃ	67
vimuttamiti ñāṇa hoti	67
āpanna pārājikanti tena	67
jivhāya rasa sāyitvā	67
pisuṇa vācāya paṭivirata	67
kho bhikkhave sati	67
nu kho bahulaṃ	67
pārājikanti tena kho	67
kho ahaṃ bhikkhave	67
cetaso ekodibhāva avitakka	67
ekodibhāva avitakka avicāra	67
taṃ netaṃ mama	67
sampasādana cetaso ekodibhāva	67
evaṃ passaṃ bhikkhave	67
kho bhante hetu	67
nisinna kho āyasmant	67
evaṃ passaṃ pe	67
kho bhikkhave sati	67
pārājikanti tena kho	67
pītisukhaṃ dutiyaṃ jhānaṃ	67
kho ahaṃ bhikkhave	67
yathāsutaṃ yathāpariyattaṃ dhammaṃ	67
anekapariyāyena vigarahitvā bhagavato	67
evaṃ passaṃ bhikkhave	67
nu kho bahulaṃ	67
kho bhante hetu	67
taṃ netaṃ mama	67
ekodibhāvaṃ avitakkaṃ avicāraṃ	67
vā āpatti dukkaṭassa	67
ajjhattaṃ sampasādanaṃ cetaso	67
sampasādanaṃ cetaso ekodibhāvaṃ	67
vigarahitvā bhagavato etamatthaṃ	67
yathākammūpage satte pajānāti	67
cetaso ekodibhāvaṃ avitakkaṃ	67
jivhāya rasaṃ sāyitvā	67
nisinnaṃ kho āyasmantaṃ	67
vimuttamiti ñāṇaṃ hoti	67
vimuccati vimutta vimuttamiti	66
namati ātappa anuyoga	66
maraṇa soka parideva	66
kho āvuso ariyasāvaka	66
anuyoga sātacca padhāna	66
samādhija pītisukha dutiyaṃ	66
jarāya maraṇa soka	66
pana bhikkhave bhikkhu	66
kho bhikkhave tīhi	66
thullaccayassāti tena kho	66
cetaso parivitakka udapādi	66
cetāpeti nissaggiya pācittiya	66
pattiyā anadhigata adhigama	66
evaṃ cetaso parivitakka	66
paccāharati āpatti saṅghādisesa	66
appatta pattiyā anadhigata	66
āpatti thullaccayassāti tena	66
ñāṇa hoti khīṇa	66
paṭiggaṇhāti vīmaṃsati paccāharati	66
api nu taṃ	66
anadhigata adhigama asacchikata	66
api nu kho	66
avicāra samādhija pītisukha	66
avitakka avicāra samādhija	66
ātappa anuyoga sātacca	66
samādhijaṃ pītisukhaṃ dutiyaṃ	66
avitakkaṃ avicāraṃ samādhijaṃ	66
majjhekalyāṇaṃ pariyosānakalyāṇaṃ sātthaṃ	66
anadhigatassa adhigamāya asacchikatassa	66
evaṃ cetaso parivitakko	66
katamaṃ nu kho	66
ādikalyāṇaṃ majjhekalyāṇaṃ pariyosānakalyāṇaṃ	66
pana bhikkhave bhikkhu	66
aṭṭhāsi ekamantaṃ ṭhito	66
thullaccayassāti tena kho	66
jarāya maraṇena sokehi	66
pattiyā anadhigatassa adhigamāya	66
namati ātappāya anuyogāya	66
api nu kho	66
paccāharati āpatti saṅghādisesassa	66
āpatti thullaccayassāti tena	66
vimuccati vimuttasmiṃ vimuttamiti	66
api nu taṃ	66
anuyogāya sātaccāya padhānāya	66
appattassa pattiyā anadhigatassa	66
maraṇena sokehi paridevehi	66
uppādāya uppannassa vā	66
kho āvuso ariyasāvako	66
pariyosānakalyāṇaṃ sātthaṃ sabyañjanaṃ	66
paṭiggaṇhāti vīmaṃsati paccāharati	66
cetaso parivitakko udapādi	66
avicāraṃ samādhijaṃ pītisukhaṃ	66
kho bhikkhave tīhi	66
ātappāya anuyogāya sātaccāya	66
ñāṇaṃ hoti khīṇā	66
ātāpino pahitattassa viharato	66
kho bhikkhave bhikkhuno	65
bhikkhave cha dhamma	65
padakkhiṇaṃ katvā pakkāmi	65
te bhikkhū bhagavant	65
bhikkhū bhagavant etadavoca	65
pubbeva somanassadomanassa atthaṅgama	65
athāparaṃ etadavoca satthā	65
bhikkhu ariya aṭṭhaṅgika	65
oḷārika vā sukhuma	65
tasmiṃ samaya yathābhūtaṃ	65
manosamphassapaccayā uppajjati vedayita	65
kāmā vutta bhagavatā	65
jānato evaṃ passato	65
kevala dukkhakkhandha samudaya	65
passaṃ bhikkhave sutavant	65
bhikkhu sikkhāpada paññatta	65
vā sukhuma vā	65
evaṃ kho āvuso	65
vā deva vā	65
ca pahāna pubbeva	65
ettāvatāpi kho āvuso	65
tibba khara kaṭuka	65
pahāna pubbeva somanassadomanassa	65
kho bhikkhave bhikkhuno	65
bhikkhū bhagavantaṃ etadavocuṃ	65
seyyathāpi bhikkhave puriso	65
pahānā pubbeva somanassadomanassānaṃ	65
bhikkhūnaṃ sikkhāpadaṃ paññattaṃ	65
ettāvatāpi kho āvuso	65
passaṃ bhikkhave sutavā	65
evaṃ kho āvuso	65
sadevake loke samārake	65
manosamphassapaccayā uppajjati vedayitaṃ	65
te bhikkhū bhagavantaṃ	65
vā brāhmaṇaṃ vā	65
ca pahānā pubbeva	65
athāparaṃ etadavoca satthā	65
kāmā vuttā bhagavatā	65
jānato evaṃ passato	65
pubbeva somanassadomanassānaṃ atthaṅgamā	65
kevalassa dukkhakkhandhassa samudayo	65
tasmiṃ samaye yathābhūtaṃ	65
cetāpeti nissaggiyaṃ pācittiyaṃ	65
tenupasaṅkami upasaṅkamitvā āyasmatā	65
padakkhiṇaṃ katvā pakkāmi	65
bhaṇanta āpatti pācittiya	64
upekkhāsatipārisuddhi catutthaṃ jhāna	64
sī syā ka	64
bhikkhave ye te	64
bhikkhave rañño nāga	64
hoti itipi so	64
aṭṭhaṅgika maggaṃ bhāventa	64
kho bahulaṃ viharati	64
aneka pāpaka akusala	64
itthisaññī sāratta ca	64
pe anuttara puññakkhetta	64
evañcidaṃ bhagavatā bhikkhu	64
citta upakkilesoti iti	64
upakkilesoti iti viditvā	64
pharitvā viharati tathā	64
dukkhanti yathābhūtaṃ pajānāti	64
santo saṃvijjamāna lokasminti	64
maṃ bhavaṃ gotama	64
etadavoca abhikkantaṃ bho	64
hetaṃ bhante taṃ	64
maggaṃ bhāventa ariya	64
evaṃ bhoti kho	64
nāma balavant purisa	64
bhāventa ariya aṭṭhaṅgika	64
bhagavatā bhikkhu sikkhāpada	64
hoti ayaṃ vuccati	64
kusalesu dhamma no	64
idamavoca bhagavā idaṃ	64
bho gotama brāhmaṇa	64
viharati tathā dutiyaṃ	64
nāssa kiñci sabbāvant	64
nivāsetvā pattacīvaramādāya yena	64
kho bhikkhave cattāri	64
ekacca jhāyī samādhi	64
aṭṭhaṅgikaṃ maggaṃ bahulīkaronto	64
dhamme pe saṅghe	64
kho bahulaṃ viharāmi	64
kho bhikkhave cattāri	64
bhikkhave ye te	64
aṭṭhaṅgikaṃ maggaṃ bhāvento	64
samaṇaṃ vā brāhmaṇaṃ	64
santo saṃvijjamānā lokasminti	64
itthisaññī sāratto ca	64
nivāsetvā pattacīvaramādāya yena	64
bhāvento ariyaṃ aṭṭhaṅgikaṃ	64
bhikkhu ariyaṃ aṭṭhaṅgikaṃ	64
bhaṇantassa āpatti pācittiyassa	64
upekkhāsatipārisuddhiṃ catutthaṃ jhānaṃ	64
hoti ayaṃ vuccati	64
hetaṃ bhante taṃ	64
dhammaṃ sayaṃ abhiññā	64
hoti itipi so	64
nāma balavā puriso	64
evañcidaṃ bhagavatā bhikkhūnaṃ	64
pe anuttaraṃ puññakkhettaṃ	64
evaṃ bhoti kho	64
ekacco jhāyī samādhismiṃ	64
bhikkhave bhikkhu ariyaṃ	64
maggaṃ bhāvento ariyaṃ	64
idamavoca bhagavā idaṃ	64
maṃ bhavaṃ gotamo	64
cittassa upakkilesoti iti	64
upakkilesoti iti viditvā	64
sī syā ka	64
bhagavatā bhikkhūnaṃ sikkhāpadaṃ	64
āyasmantaṃ ānandaṃ etadavoca	64
kusalesu dhammesu no	64
sukhī citta samādhiyati	63
pahiṇanta gaccha bhante	63
atthaṅgama adukkhamasukha upekkhāsatipārisuddhi	63
dhamma bhāvita bahulīkata	63
brāhmaṇa yena bhagavā	63
na jānāti na	63
dukkha tibba khara	63
tuṇhībhāva atha kho	63
bhikkhu āsava khaya	63
dukkaṭa pe anārambha	63
ārocesi atha kho	63
yo ca kho	63
akālika ehipassika opaneyyika	63
somanassadomanassa atthaṅgama adukkhamasukha	63
vo bhikkhave sikkhitabbanti	63
adukkhamasukha upekkhāsatipārisuddhi catutthaṃ	63
yampidaṃ manosamphassapaccayā uppajjati	63
pe neva hoti	63
nāma tvaṃ moghapurisa	63
ca ime kho	63
puna caparaṃ ānanda	63
cakkhumant rūpa dakkhantīti	63
bhikkhuṃ pahiṇanta gaccha	63
bhikkhave bhikkhu evaṃ	63
hidaṃ bho gotama	63
anekapariyāyena dhamma pakāsita	63
pe neva hoti	63
yo ca kho	63
pahiṇati gaccha bhante	63
somanassadomanassānaṃ atthaṅgamā adukkhamasukhaṃ	63
puna caparaṃ ānanda	63
bhikkhave bhikkhu evaṃ	63
vo bhikkhave sikkhitabbanti	63
yampidaṃ manosamphassapaccayā uppajjati	63
bhikkhuṃ pahiṇati gaccha	63
hidaṃ bho gotama	63
tuṇhībhāvena atha kho	63
dukkhanti yathābhūtaṃ pajānāti	63
cakkhumanto rūpāni dakkhantīti	63
ca ime kho	63
adukkhamasukhaṃ upekkhāsatipārisuddhiṃ catutthaṃ	63
nāma tvaṃ moghapurisa	63
anekapariyāyena dhammo pakāsito	63
atthaṅgamā adukkhamasukhaṃ upekkhāsatipārisuddhiṃ	63
sukhino cittaṃ samādhiyati	63
dhammā bhāvitā bahulīkatā	63
tassā ratti accayena	62
abhikkantatara ca paṇītatara	62
tassa mayhaṃ ānanda	62
bhaṇati āpatti vācāya	62
andhakāra vā telapajjota	62
paṭicchanna vā vivarati	62
pariyāyena veditabba yathā	62
evaṃ bhāvita kho	62
passaṃ pe nāpara	62
vā ukkujjeyya paṭicchanna	62
tenupasaṅkami upasaṅkamitvā taṃ	62
bhikkhave catūhi dhamma	62
bhikkhu sammādiṭṭhi bhāveti	62
ācikkhati andhakāra vā	62
hoti no ca	62
vatthukata anuṭṭhita paricita	62
mūḷha vā maggaṃ	62
maggaṃ ācikkhati andhakāra	62
abhibhuyya jānāti passāmīti	62
vivarati mūḷha vā	62
telapajjota dhāreti cakkhumant	62
kho sambahula bhikkhū	62
tāni abhibhuyya jānāti	62
vā telapajjota dhāreti	62
tīhi dhamma samannāgata	62
vā maggaṃ ācikkhati	62
yānīkata vatthukata anuṭṭhita	62
hoti na samādhi	62
bahulīkata yānīkata vatthukata	62
āpatti pācittiya upasampanna	62
etamatthaṃ ārocesi atha	62
bhikkhu āpanna pārājikanti	62
vā vivarati mūḷha	62
ca paṇītatara ca	62
taṃ bhikkhuṃ etadavoca	62
dhāreti cakkhumant rūpa	62
dūratova āgacchantaṃ disvāna	62
paṇīta khādanīya bhojanīya	62
ukkujjeyya paṭicchanna vā	62
saraṇaṃ gacchāmi dhammañca	62
vā telapajjotaṃ dhāreyya	62
dūratova āgacchantaṃ disvāna	62
vā maggaṃ ācikkheyya	62
ācikkheyya andhakāre vā	62
telapajjotaṃ dhāreyya cakkhumanto	62
pariyāyena veditabbaṃ yathā	62
bhikkhave rañño nāgo	62
vā ukkujjeyya paṭicchannaṃ	62
mūḷhassa vā maggaṃ	62
kho sambahulā bhikkhū	62
bhikkhu āpanno pārājikanti	62
bhikkhave catūhi dhammehi	62
vā vivareyya mūḷhassa	62
tāni abhibhuyya jānāmi	62
passaṃ pe nāparaṃ	62
ukkujjeyya paṭicchannaṃ vā	62
bhaṇati āpatti vācāya	62
tassā rattiyā accayena	62
dhāreyya cakkhumanto rūpāni	62
bhikkhu sammādiṭṭhiṃ bhāveti	62
tassa mayhaṃ ānanda	62
vivareyya mūḷhassa vā	62
paṭicchannaṃ vā vivareyya	62
hoti no ca	62
maggaṃ ācikkheyya andhakāre	62
andhakāre vā telapajjotaṃ	62
abhibhuyya jānāmi passāmīti	62
kāyaṃ paṇidhāya parimukhaṃ	61
paṇidhāya parimukhaṃ satiṃ	61
ahañceva kho pana	61
appamāṇa avera abyāpajja	61
bhagavā idaṃ vatvāna	61
pācittiya upasampanna upasampanna	61
bhagavā vesālī viharati	61
upasaṅkamitvā āyasmant ānanda	61
dukkhakkhandha samudaya hoti	61
vūpakaṭṭha appamatta ātāpī	61
vedanā pe citta	61
upasama abhiññāya sambodha	61
hitāya sukhāya devamanussā	61
tattha parinibbāyī anāvattidhamma	61
sammākammanta sammāājīva sammāvāyāma	61
ābhicetasika diṭṭhadhammasukhavihāra nikāmalābhī	61
parinibbāyī anāvattidhamma tasmā	61
nu taṃ anupādāya	61
parimukhaṃ satiṃ upaṭṭhapetvā	61
addasā kho bhagavā	61
vācāya pācittiya upasampanna	61
kho anāthapiṇḍika gahapati	61
sammāājīva sammāvāyāma sammāsati	61
khara kaṭuka vedanā	61
vācāya vācāya pācittiya	61
eka vūpakaṭṭha appamatta	61
vedanāsu pe citte	61
hitāya sukhāya devamanussānaṃ	61
sāvatthinidānaṃ ekamantaṃ nisinno	61
bhagavā idaṃ vatvāna	61
vācāya pācittiyassa upasampanno	61
māgadho ajātasattu vedehiputto	61
paṇidhāya parimukhaṃ satiṃ	61
addasā kho bhagavā	61
gacchāmi dhammañca bhikkhusaṅghañca	61
ahañceva kho pana	61
aneke pāpakā akusalā	61
bhagavā vesāliyaṃ viharati	61
kāyaṃ paṇidhāya parimukhaṃ	61
parimukhaṃ satiṃ upaṭṭhapetvā	61
nu taṃ anupādāya	61
vūpakaṭṭho appamatto ātāpī	61
dukkhakkhandhassa samudayo hoti	61
eko vūpakaṭṭho appamatto	61
vācāya vācāya pācittiyassa	61
appamāṇena averena abyāpajjena	61
bahujanasukhāya lokānukampā atthāya	60
ekamantaṃ nisīdi appekacca	60
ehipassika opaneyyika paccattaṃ	60
svākkhāta bhagavatā dhamma	60
bahulīkata mahapphala hoti	60
evaṃ hoti ahaṃ	60
ratti vā divasa	60
chasu dhamma sikkhitasikkha	60
lokānukampā atthāya hitāya	60
kho āvuso bhikkhu	60
kira bhikkhave bhikkhunī	60
saṃkhittena uddesa uddiṭṭha	60
diṭṭha sutaṃ muta	60
bhagavatā saṃkhittena uddesa	60
saṃyojana parikkhaya opapātika	60
tesaṃ aññatitthiya paribbājaka	60
uddesa uddiṭṭha vitthārena	60
uddiṭṭha vitthārena atthaṃ	60
me citta vinīvaraṇa	60
vā divasa vā	60
āvi ceva raho	60
nāma bhikkhave bhikkhunī	60
taṃ suṇāti pe	60
sutaṃ muta viññāta	60
opaneyyika paccattaṃ veditabba	60
ceva raho ca	60
paccattaṃ veditabba viññūhīti	60
nāssa kiñci sabbāvato	60
diṭṭhaṃ sutaṃ mutaṃ	60
saṃkhittena uddesassa uddiṭṭhassa	60
bhagavatā saṃkhittena uddesassa	60
uddiṭṭhassa vitthārena atthaṃ	60
ekamantaṃ nisīdiṃsu appekacce	60
taṃ suṇātha pe	60
āvi ceva raho	60
upasamāya abhiññāya sambodhāya	60
bhagavato pāde sirasā	60
uddesassa uddiṭṭhassa vitthārena	60
lokānukampāya atthāya hitāya	60
tesaṃ aññatitthiyānaṃ paribbājakānaṃ	60
aniccaṃ bhante pe	60
bahujanasukhāya lokānukampāya atthāya	60
ceva raho ca	60
svākkhāto bhagavatā dhammo	60
tīhi dhammehi samannāgato	60
evaṃ hoti ahaṃ	60
sutaṃ mutaṃ viññātaṃ	60
hoti na samādhismiṃ	60
diṭṭha ceva dhamma	59
pahīna hitāya sukhāya	59
arūpasaññī eka bahiddhā	59
nāpara itthattāyāti pajānāti	59
rūpa dakkhantīti evamevaṃ	59
kho pana so	59
hoti ayaṃ bhikkhave	59
viharati ayaṃ vuccati	59
pe citta pe	59
dhamma deseti ādikalyāṇa	59
ārocesi pe saccaṃ	59
nivesanaṃ tenupasaṅkami upasaṅkamitvā	59
itthī vā purisa	59
na kho panāhaṃ	59
kopañca dosañca appaccayañca	59
samatikkamma natthi kiñcīti	59
loka katama cattāro	59
pe sammāsamādhi bhāveti	59
viññāṇañcāyatana samatikkamma natthi	59
etadavoca kiṃ nu	59
bhante taṃ kiṃ	59
kho pana bhante	59
kopañca dosañca appaccayañca	59
dukkhā tibbā kharā	59
arūpasaññī eko bahiddhā	59
samatikkamma natthi kiñcīti	59
viññāṇañcāyatanaṃ samatikkamma natthi	59
ātāpī pahitatto viharanto	59
viharati ayaṃ vuccati	59
lokasmiṃ katame cattāro	59
ābhicetasikānaṃ diṭṭhadhammasukhavihārānaṃ nikāmalābhī	59
vā puriso vā	59
itthī vā puriso	59
bhante taṃ kiṃ	59
pe sammāsamādhiṃ bhāveti	59
tibbā kharā kaṭukā	59
kho pana bhante	59
āpanno pārājikanti tena	59
diṭṭhe ceva dhamme	59
pe citte pe	59
hoti ayaṃ bhikkhave	59
na kho panāhaṃ	59
me cittaṃ vinīvaraṇaṃ	59
rūpāni dakkhantīti evamevaṃ	59
brāhmaṇo yena bhagavā	59
buddhe aveccappasādena samannāgato	59
kho pana so	59
dhamma samannāgata mātugāma	58
ucchinnamūlā tālāvatthukata anabhāvaṃkata	58
sabbaso rūpasaññā samatikkamā	58
dakkhiṇeyya añjalikaraṇīya anuttara	58
abhijjhādomanassa pāpaka akusala	58
akusala dhamma sambhavati	58
kho sakka devānaminda	58
tassa bhagavato arahato	58
citta pe dhamma	58
ajjhattaṃ arūpasaññī eka	58
viharantaṃ abhijjhādomanassa pāpaka	58
añjalikaraṇīya anuttara puññakkhetta	58
santike imaṃ gāthaṃ	58
katakaraṇīya ohitabhāra anuppattasadattha	58
nikkujjita vā ukkujjeyya	58
bāhā pasāreyya pasārita	58
avibhatta vitthārena atthaṃ	58
na paraṃ vambheti	58
vo pahīna hitāya	58
hoti seyyathāpi bhikkhave	58
kalandakanivāpa tena kho	58
ayaṃ kho me	58
atthaṃ avibhatta vitthārena	58
vā bāhā pasāreyya	58
nāma chabbaggiya bhikkhū	58
sambodha nibbāna saṃvattati	58
ohitabhāra anuppattasadattha parikkhīṇabhavasaṃyojana	58
veḷuvana kalandakanivāpa tena	58
āpatti dukkaṭa adhammakamme	58
pasāreyya pasārita vā	58
samaya aññatara bhikkhuno	58
bhikkhave bhikkhu sammādiṭṭhi	58
pasārita vā bāhā	58
sammāvācā sammākammanta sammāājīva	58
vesālī viharati mahāvana	58
sabbaso viññāṇañcāyatana samatikkamma	58
āditta sampajjalita sajotibhūta	58
ayaṃ kho me	58
ajjhattaṃ arūpasaññī eko	58
veḷuvane kalandakanivāpe tena	58
bāhaṃ pasāreyya pasāritaṃ	58
sabbaso rūpasaññānaṃ samatikkamā	58
nāma chabbaggiyā bhikkhū	58
viharantaṃ abhijjhādomanassā pāpakā	58
akusalā dhammā sambhavanti	58
hoti seyyathāpi bhikkhave	58
kho āvuso bhikkhu	58
sabbaso viññāṇañcāyatanaṃ samatikkamma	58
kalandakanivāpe tena kho	58
avibhattassa vitthārena atthaṃ	58
samayena aññatarassa bhikkhuno	58
vā bāhaṃ pasāreyya	58
ucchinnamūlā tālāvatthukatā anabhāvaṃkatā	58
abhijjhādomanassā pāpakā akusalā	58
dhammehi samannāgato mātugāmo	58
āpatti dukkaṭassa adhammakamme	58
bhikkhave bhikkhu sammādiṭṭhiṃ	58
pasāritaṃ vā bāhaṃ	58
tassa bhagavato arahato	58
pasāreyya pasāritaṃ vā	58
nikkujjitaṃ vā ukkujjeyya	58
santike imaṃ gāthaṃ	58
atthaṃ avibhattassa vitthārena	58
citte pe dhammesu	58
na paraṃ vambheti	58
bhagavant etadavoca idha	57
viharati mahāvana kūṭāgārasālā	57
balavant purisa samiñjita	57
vā oḷārika vā	57
anvāssavati tassa saṃvara	57
no hidaṃ āvuso	57
sammādiṭṭhi sammāsaṅkappa sammāvācā	57
āsana nisīdi atha	57
paṭisallīna evaṃ cetaso	57
taṃ kho pana	57
vā āpatti pācittiya	57
pe catutthaṃ jhāna	57
pāhuneyya dakkhiṇeyya añjalikaraṇīya	57
so aparena samaya	57
ayaṃ kho bhikkhave	57
yaṃ dūre santike	57
pe tatiyaṃ jhāna	57
vusitavant katakaraṇīya ohitabhāra	57
jhāna ābhicetasika diṭṭhadhammasukhavihāra	57
vā bāhā samiñjati	57
atītānāgatapaccuppanna ajjhattaṃ vā	57
moha ca me	57
dhammañca bhikkhusaṅghañca upāsaka	57
paṭivirata hoti parañca	57
bahiddhā vā oḷārika	57
seyyathāpi so bhikkhave	57
sota sadda sutvā	57
akusala dhamma anvāssavati	57
dhamma anvāssavati tassa	57
saddhā agāra anagāriyaṃ	57
rahogata paṭisallīna evaṃ	57
vematikā āpatti dukkaṭassa	57
paṭivirato hoti parañca	57
seyyathāpi so bhikkhave	57
vā āpatti pācittiyassa	57
yaṃ dūre santike	57
anvāssaveyyuṃ tassa saṃvarāya	57
saddhā agārasmā anagāriyaṃ	57
moghapurisa appasannānaṃ vā	57
dhammā anvāssaveyyuṃ tassa	57
paṭisallīnassa evaṃ cetaso	57
pe tatiyaṃ jhānaṃ	57
akusalā dhammā anvāssaveyyuṃ	57
rahogatassa paṭisallīnassa evaṃ	57
ayaṃ kho bhikkhave	57
jhānānaṃ ābhicetasikānaṃ diṭṭhadhammasukhavihārānaṃ	57
vā bāhaṃ samiñjeyya	57
sotena saddaṃ sutvā	57
taṃ kho pana	57
no hidaṃ āvuso	57
balavā puriso samiñjitaṃ	57
netaṃ moghapurisa appasannānaṃ	57
pe catutthaṃ jhānaṃ	57
bhavissati na ca	56
kāmesumicchācāra paṭivirata hoti	56
pariññāya parikkhaya pahāna	56
jīvaṃ aññaṃ sarīranti	56
ānanda yena bhagavā	56
yenāhaṃ tenupasaṅkami upasaṅkamitvā	56
dhamma bhāvetabba katama	56
manussa ujjhāyanti khiyyanti	56
nu kho ahaṃ	56
tumhākaṃ taṃ pajahati	56
maṃ pariyāyena sammā	56
atthi me ajjhattaṃ	56
ca idameva saccaṃ	56
nisajja kho bhagavā	56
pariyāya yena maṃ	56
ākāsānañcāyatana samatikkamma anantaṃ	56
samatikkamma anantaṃ viññāṇanti	56
citta pakkhandati pasīdati	56
bhikkhu sīlavant hoti	56
bhikkhave ye keci	56
na tumhākaṃ taṃ	56
āyasmant sāriputta etadavoca	56
namo tassa bhagavato	56
loka ca idameva	56
samannāgata bhikkhu āhuneyya	56
pariyāyena sammā vadamāna	56
ariyasāvaka iti paṭisañcikkhati	56
kho pana te	56
pakkhandati pasīdati santiṭṭhati	56
natthi me ajjhattaṃ	56
hoti tato mudutarehi	56
yena maṃ pariyāyena	56
evaṃ hoti aho	56
kho pana te	56
pariyāyo yena maṃ	56
pubbenivāsaṃ anussarati seyyathidaṃ	56
na tumhākaṃ taṃ	56
manussā ujjhāyanti khiyyanti	56
bhāveti ariyaṃ aṭṭhaṅgikaṃ	56
pariññāya parikkhayāya pahānāya	56
pariyāyena sammā vadamāno	56
dhammā bhāvetabbā katame	56
aṭṭhaṅgikaṃ maggaṃ bhāveti	56
hoti tato mudutarehi	56
maggaṃ bhāveti ariyaṃ	56
yena maṃ pariyāyena	56
evaṃ hoti aho	56
nisajja kho bhagavā	56
loko ca idameva	56
maṃ pariyāyena sammā	56
nāparaṃ itthattāyāti pajānāti	56
disaṃ pharitvā viharati	56
ānando yena bhagavā	56
atthi me ajjhattaṃ	56
bhavissati na ca	56
samannāgato bhikkhu āhuneyyo	56
jīvaṃ aññaṃ sarīranti	56
samatikkamma anantaṃ viññāṇanti	56
namo tassa bhagavato	56
ca idameva saccaṃ	56
tumhākaṃ taṃ pajahatha	56
ariyasāvako iti paṭisañcikkhati	56
ārocesuṃ pe saccaṃ	56
natthi me ajjhattaṃ	56
vesāliyaṃ viharati mahāvane	56
paccassosi atha kho	56
nu kho ahaṃ	56
so aparena samayena	56
bhikkhave ye keci	56
ākāsānañcāyatanaṃ samatikkamma anantaṃ	56
passāmīti evaṃsaññī hoti	55
dhamma aveccappasāda samannāgata	55
jānāti passāmīti evaṃsaññī	55
ko ca bhikkhave	55
dveme bhikkhave dhamma	55
ghāna gandha ghāyitvā	55
asaṃvuta viharantaṃ abhijjhādomanassa	55
desita ājānāti yathā	55
anuṭṭhita paricita susamāraddha	55
kathañhi nāma tvaṃ	55
yena bhagavā tenañjaliṃ	55
ariyakanta sīla samannāgata	55
rañño pasenadi kosala	55
aroga paraṃ maraṇa	55
saṃvattati yathayidaṃ bhikkhave	55
anāpatti bhikkhu pārājika	55
kāya phoṭṭhabba phusitvā	55
ca virāga upekkhaka	55
virāga nirodha paṭipanna	55
atha kho bhante	55
āmantesi ehi tvaṃ	55
sabbaso ākāsānañcāyatana samatikkamma	55
bhāvita bahulīkata yānīkata	55
virāga upekkhaka ca	55
vā tīṇi vā	55
anuttara puññakkhetta loka	55
pe saṅgha pe	55
anupādāya āsava citta	55
tisso imā bhikkhave	55
bhagavā tenañjaliṃ paṇāmetvā	55
deseti ādikalyāṇa majjhekalyāṇa	55
paṭipanna hoti no	55
sammāsaṅkappa sammāvācā sammākammanta	55
dve vā tīṇi	55
kho eteva bahutara	55
kiñci sabbāvant kāya	55
so iti paṭisañcikkhati	55
atha kho bhante	55
dve vā tīṇi	55
asaṃvutaṃ viharantaṃ abhijjhādomanassā	55
kāyena phoṭṭhabbaṃ phusitvā	55
ko ca bhikkhave	55
saññaṃ saṅkhāre viññāṇaṃ	55
dveme bhikkhave dhammā	55
vā tīṇi vā	55
so iti paṭisañcikkhati	55
anuttaraṃ puññakkhettaṃ lokassa	55
desitaṃ ājānāmi yathā	55
yena bhagavā tenañjaliṃ	55
anāpatti bhikkhu pārājikassa	55
kho eteva bahutarā	55
jānāmi passāmīti evaṃsaññī	55
sabbaso ākāsānañcāyatanaṃ samatikkamma	55
dukkaṭassa pe anārambhaṃ	55
tisso imā bhikkhave	55
bhagavā tenañjaliṃ paṇāmetvā	55
kathañhi nāma tvaṃ	55
ghānena gandhaṃ ghāyitvā	55
rañño pasenadissa kosalassa	55
pe saṅghe pe	55
pharusāya vācāya paṭivirato	55
viharati mahāvane kūṭāgārasālāyaṃ	55
passāmīti evaṃsaññī hoti	55
kiñci sabbāvato kāyassa	55
vedanā saññā saṅkhārā	55
paṭipanno hoti no	55
atthaṅgama nānattasaññā amanasikāra	54
vajja bhayadassāvī samādāya	54
vā attānaṃ na	54
nānattasaññā amanasikāra ananta	54
samatikkamā paṭighasaññā atthaṅgama	54
sādhukaṃ manasi karohi	54
vācaṃ bhāsitā hoti	54
idaṃ vatvāna sugata	54
paṭighasaññā atthaṅgama nānattasaññā	54
pe dutiyaṃ jhāna	54
hoti attanā ca	54
hoti aho vatāhaṃ	54
dhammavinaya vuddhi virūḷhi	54
etadahosi ayaṃ kho	54
anicca vipariṇāmī aññathābhāvī	54
citta na pakkhandati	54
sammāvāyāma sammāsati sammāsamādhi	54
suṇāti pe katama	54
gotama abhikkantaṃ bho	54
rūpasaññā samatikkamā paṭighasaññā	54
katvā pakkāmi atha	54
me bhante saṅgha	54
bhikkhave bhikkhu dhamma	54
kho āvuso sāriputta	54
suṇātu me bhante	54
amanasikāra ananta ākāsoti	54
jīvaṃ taṃ sarīranti	54
bhikkhu āhuneyya hoti	54
āpadā ummattaka ādikammikassāti	54
aṭṭhaṅgika maggaṃ bahulīkaroti	54
virāgā upekkhako ca	54
hoti aho vatāhaṃ	54
idaṃ vatvāna sugato	54
suṇātu me bhante	54
abhikkantataro ca paṇītataro	54
āpadāsu ummattakassa ādikammikassāti	54
kho āvuso sāriputta	54
rūpasaññānaṃ samatikkamā paṭighasaññānaṃ	54
sādhukaṃ manasi karohi	54
vā attānaṃ na	54
paccattaṃ veditabbo viññūhīti	54
katvā pakkāmi atha	54
kharā kaṭukā vedanā	54
vācaṃ bhāsitā hoti	54
hoti attanā ca	54
me bhante saṅgho	54
paṭighasaññānaṃ atthaṅgamā nānattasaññānaṃ	54
ārocesuṃ atha kho	54
etadahosi ayaṃ kho	54
nānattasaññānaṃ amanasikārā ananto	54
ca virāgā upekkhako	54
jīvaṃ taṃ sarīranti	54
etamatthaṃ ārocesuṃ atha	54
bhikkhu āhuneyyo hoti	54
pe dutiyaṃ jhānaṃ	54
amanasikārā ananto ākāsoti	54
sammādiṭṭhi sammāsaṅkappo sammāvācā	54
bhikkhu sīlavā hoti	54
kāmesumicchācārā paṭivirato hoti	54
dhammavinaye vuddhiṃ virūḷhiṃ	54
pisuṇāya vācāya paṭivirato	54
tālāvatthukatā anabhāvaṃkatā āyatiṃ	54
etadavoca abhikkantaṃ bho	54
atthaṅgamā nānattasaññānaṃ amanasikārā	54
cittaṃ na pakkhandati	54
samatikkamā paṭighasaññānaṃ atthaṅgamā	54
āmantesi ehi tvaṃ	54
etadavoca kiṃ nu	54
satimant sukhavihārīti tatiyaṃ	53
ācikkhanti upekkhaka satimant	53
pe upāsaka maṃ	53
taṃ ariya ācikkhanti	53
khiyyanta vipācenta ye	53
yaṃ taṃ ariya	53
dīgharattaṃ hitāya sukhāya	53
cha bhikkhave dhamma	53
bhikkhave evaṃ sikkhitabba	53
pītimana kāyo passambhati	53
ācāragocarasampanna aṇumatta vajja	53
evaṃ cetasā ceto	53
tatra bhikkhave ye	53
aṇumatta vajja bhayadassāvī	53
upekkhaka satimant sukhavihārīti	53
nisīdi nisajja kho	53
vipācenta ye te	53
muta viññāta patta	53
kāyo passambhati passaddhakāya	53
kathañhi nāma ayyā	53
pāda sirasā vandati	53
ariya ācikkhanti upekkhaka	53
natthi paro loka	53
brahmalokāpi kāya vasaṃ	53
manasi karohi bhāsissāmīti	53
sukhavihārīti tatiyaṃ jhāna	53
pacchābhattaṃ piṇḍapātapaṭikkanta yena	53
yāva brahmalokāpi kāya	53
parisuddha brahmacariyaṃ pakāseti	53
viññāta patta pariyesita	53
upasampajja viharati tassa	53
pe upāsakaṃ maṃ	53
manasi karohi bhāsissāmīti	53
natthi paro loko	53
nivesanaṃ tenupasaṅkami upasaṅkamitvā	53
satimā sukhavihārīti tatiyaṃ	53
upekkhako satimā sukhavihārīti	53
aññatitthiyā paribbājakā evaṃ	53
ācikkhanti upekkhako satimā	53
yaṃ taṃ ariyā	53
sammāājīvo sammāvāyāmo sammāsati	53
mutaṃ viññātaṃ pattaṃ	53
anussarati seyyathidaṃ ekampi	53
sukhavihārīti tatiyaṃ jhānaṃ	53
viharati tathā dutiyaṃ	53
katamehi pañcahi idha	53
tatra bhikkhave ye	53
pītimanassa kāyo passambhati	53
taṃ ariyā ācikkhanti	53
bhikkhave evaṃ sikkhitabbaṃ	53
yāva brahmalokāpi kāyena	53
dīgharattaṃ hitāya sukhāya	53
ariyā ācikkhanti upekkhako	53
sammodiṃsu sammodanīyaṃ kathaṃ	53
brahmalokāpi kāyena vasaṃ	53
viññātaṃ pattaṃ pariyesitaṃ	53
saddhiṃ sammodiṃsu sammodanīyaṃ	53
sammākammanto sammāājīvo sammāvāyāmo	53
pharitvā viharati tathā	53
kathañhi nāma ayyā	53
saṃvattati yathayidaṃ bhikkhave	53
tenupasaṅkami upasaṅkamitvā taṃ	53
evaṃ cetasā ceto	53
kho pana hoti	52
caramāna mahatā bhikkhusaṅgha	52
natthi kiñcīti ākiñcaññāyatana	52
vā bhikkhunī vā	52
kimhi nu kho	52
cārikā caramāna mahatā	52
khīṇāsava vusitavant katakaraṇīya	52
manasikāra ahu paññāya	52
atta hoti aroga	52
hoti aroga paraṃ	52
pātimokkhasaṃvarasaṃvuta viharati ācāragocarasampanna	52
nibbindati nibbindaṃ virajjati	52
āsana nisīdi nisajja	52
bhagavati brahmacariyaṃ vussatīti	52
imasmiṃ dhammavinaya vuddhi	52
aneka kusalā dhamma	52
ahu paññāya abhisamaya	52
sampajāna sukhañca kāya	52
eteva bahutara sattā	52
hoti akicchalābhī akasiralābhī	52
abhijjhādomanassa vedanā pe	52
patta pariyesita anuvicarita	52
etadahosi kimhi nu	52
kho etaṃ bhikkhave	52
rāga bhikkhave abhiññāya	52
bhikkhave bhagavato arahato	52
bhagavā āyasmant ānanda	52
yoniso manasikāra ahu	52
bahujanahitāya bahujanasukhāya lokānukampā	52
cakkhuviññeyya rūpā iṭṭha	52
tatra kho āyasmā	52
vitthārena atthaṃ ājānāti	52
kalyāṇa kittisadda abbhuggata	52
nikāmalābhī hoti akicchalābhī	52
meti na maññati	52
kusalānaṃ dhamma upasampadā	52
atha purisa āgacchati	52
pariyesita anuvicarita manasā	52
dhamma pakāsita esāhaṃ	52
yā ratti vā	52
catūhi bhikkhave dhamma	52
anabhāvaṃkata āyatiṃ anuppādadhammā	52
paribbājaka bhagavant etadavoca	52
na ca me	52
phassa phassapaccayā vedanā	52
rūpā iṭṭha kantā	52
aneke kusalā dhammā	52
phasso phassapaccayā vedanā	52
pariyesitaṃ anuvicaritaṃ manasā	52
yā ratti vā	52
yoniso manasikārā ahu	52
kho etaṃ bhikkhave	52
pe samaṇo khalu	52
tatra kho āyasmā	52
ratti vā divaso	52
nikāmalābhī hoti akicchalābhī	52
rāgassa bhikkhave abhiññāya	52
nisīdi nisajja kho	52
atha puriso āgaccheyya	52
idamavoca bhagavā attamano	52
dhammo pakāsito esāhaṃ	52
hoti arogo paraṃ	52
nibbindati nibbindaṃ virajjati	52
mahapphalā hoti mahānisaṃsā	52
catūhi bhikkhave dhammehi	52
eteva bahutarā sattā	52
attā hoti arogo	52
cārikaṃ caramāno mahatā	52
manasikārā ahu paññāya	52
caramāno mahatā bhikkhusaṅghena	52
kalyāṇo kittisaddo abbhuggato	52
bhagavati brahmacariyaṃ vussatīti	52
pattaṃ pariyesitaṃ anuvicaritaṃ	52
imasmiṃ dhammavinaye vuddhiṃ	52
ahu paññāya abhisamayo	52
sammāvācā sammākammanto sammāājīvo	52
kimhi nu kho	52
natthi kiñcīti ākiñcaññāyatanaṃ	52
cakkhuviññeyyā rūpā iṭṭhā	52
na ca me	52
vā divaso vā	52
rūpā iṭṭhā kantā	52
etadahosi kimhi nu	52
abhijjhādomanassaṃ vedanāsu pe	52
hoti akicchalābhī akasiralābhī	52
kho pana hoti	52
anabhāvaṃkatā āyatiṃ anuppādadhammā	52
bahujanahitāya bahujanasukhāya lokānukampāya	52
bhikkhave bhagavato arahato	52
abhinanditvā anumoditvā uṭṭhāyāsanā	51
hoti nibbānapoṇa nibbānapabbhāra	51
bhikkhave aṅgehi samannāgata	51
evaṃ kalyāṇa kittisadda	51
pīti jāyati pītimana	51
bhikkhave tīhi dhamma	51
sassato lokoti vā	51
bhāsita vitthārena atthaṃ	51
bhagavato bhāsita abhinanditvā	51
siyā kho pana	51
pubbe ananussuta dhamma	51
pe tatiyampi kho	51
acchariyaṃ bhante abbhutaṃ	51
khuṃsetukāmo vambhetukāmo maṅkukattukāma	51
citta hoti na	51
jāyati pītimana kāyo	51
imassa bhagavatā saṃkhittena	51
anāpatti bhikkhu saṅghādisesa	51
kiñcīti ākiñcaññāyatana upasampajja	51
abhiññāya pariññāya parikkhaya	51
santaṃ vā ajjhattaṃ	51
passambhati passaddhakāya sukhaṃ	51
pattacīvaramādāya sāvatthī piṇḍāya	51
etasmiṃ pakaraṇa dhammī	51
bhante abbhutaṃ bhante	51
bho gotama abhikkantaṃ	51
uppajjati uppanna vā	51
pamudita pīti jāyati	51
āyasmā upanando sakyaputta	51
bhikkhave puggala santo	51
bhāsita evaṃ vitthārena	51
dhamma pahāna kusalānaṃ	51
dvinnaṃ dukkaṭa pe	51
pakaraṇa dhammī kathaṃ	51
anāvattidhamma tasmā loka	51
tassa saṃvara paṭipajjati	51
hitāya sukhāya bhavissati	51
bahutara sattā ye	51
kāya kāyaṃ āmasati	51
viharati ācāragocarasampanna aṇumatta	51
vijjati yaṃ idhekacca	51
nivāsetvā pattacīvaramādāya sāvatthī	51
sātarūpa etthesā taṇhā	51
pañca kāmaguṇa samappita	51
piyarūpa sātarūpa etthesā	51
pahāna kusalānaṃ dhamma	51
sassato lokoti vā	51
siyā kho pana	51
āsane nisīdi nisajja	51
pe tatiyampi kho	51
etasmiṃ pakaraṇe dhammiṃ	51
bhāsitassa evaṃ vitthārena	51
vā paṇītaṃ vā	51
sammāsaṅkappo sammāvācā sammākammanto	51
anāpatti bhikkhu saṅghādisesassa	51
evaṃ kalyāṇo kittisaddo	51
sātarūpaṃ etthesā taṇhā	51
bhāsitassa vitthārena atthaṃ	51
atikkantamānusakena satte passati	51
sampajāno sukhañca kāyena	51
āyasmā upanando sakyaputto	51
bhikkhave tīhi dhammehi	51
atītānāgatapaccuppannaṃ ajjhattaṃ vā	51
dvinnaṃ dukkaṭānaṃ pe	51
khuṃsetukāmo vambhetukāmo maṅkukattukāmo	51
cittaṃ hoti na	51
gotama abhikkantaṃ bho	51
santaṃ vā ajjhattaṃ	51
abhinanditvā anumoditvā uṭṭhāyāsanā	51
paribbājako bhagavantaṃ etadavoca	51
pañcahi idha bhikkhave	51
kiñcīti ākiñcaññāyatanaṃ upasampajja	51
pubbe ananussutesu dhammesu	51
hitāya sukhāya bhavissati	51
bho gotama abhikkantaṃ	51
bhikkhave puggalā santo	51
hoti nibbānapoṇo nibbānapabbhāro	51
bhagavato bhāsitaṃ abhinanditvā	51
bahutarā sattā ye	51
pamuditassa pīti jāyati	51
bahulīkatā mahapphalā hoti	51
acchariyaṃ bhante abbhutaṃ	51
jāyati pītimanassa kāyo	51
kāyo passambhati passaddhakāyo	51
piyarūpaṃ sātarūpaṃ etthesā	51
pīti jāyati pītimanassa	51
bhante abbhutaṃ bhante	51
passambhati passaddhakāyo sukhaṃ	51
imassa bhagavatā saṃkhittena	51
pakaraṇe dhammiṃ kathaṃ	51
adhigama asacchikata sacchikiriyā	50
bho abbhutaṃ vata	50
kho no āvuso	50
catunnaṃ iddhipāda bhāvitatta	50
vatāhaṃ kāya bheda	50
bhikkhave aññatitthiya paribbājaka	50
nirodha paṭipanna hoti	50
yāva sattama pitāmahayuga	50
tuṇhī evametaṃ dhārayāmīti	50
citta na pariyādāya	50
tasmā tuṇhī evametaṃ	50
bhikkhave idaṃ dukkhanti	50
uṭṭhāyāsanā vihāra paviṭṭha	50
vata bho abbhutaṃ	50
bhagavant gāthāya ajjhabhāsi	50
ca sampajāna sukhañca	50
kusalā dhamma abhivaḍḍhati	50
āpatti dvinnaṃ dukkaṭa	50
pe puna caparaṃ	50
aho vatāhaṃ kāya	50
abbhutaṃ vata bho	50
sugata athāparaṃ etadavoca	50
attānaṃ attani vā	50
ce bhikkhave bhikkhu	50
acchariyaṃ vata bho	50
bhikkhu saṅghādisesa āpatti	50
na kho panetaṃ	50
vā attānaṃ attani	50
bhikkhunī upāsaka upāsikā	50
idha bhikkhave bhikkhuno	50
bhikkhū āmantesi anujānāti	50
so tena lābhasakkārasiloka	50
yenāyasmā ānanda tenupasaṅkami	50
āmantesi anujānāti bhikkhave	50
anagāriyaṃ pabbajita hoti	50
ime vuccati bhikkhave	50
nāpara itthattāyāti pajānāmīti	50
bhikkhave idaṃ dukkhanti	50
āpatti dvinnaṃ dukkaṭānaṃ	50
vatāhaṃ kāyassa bhedā	50
cittaṃ na pariyādāya	50
acchariyaṃ vata bho	50
āmantesi anujānāmi bhikkhave	50
nirodhāya paṭipanno hoti	50
satte passati cavamāne	50
tasmā tuṇhī evametaṃ	50
dhammaṃ deseti ādikalyāṇaṃ	50
bho abbhutaṃ vata	50
vata bho abbhutaṃ	50
bhagavantaṃ gāthāya ajjhabhāsi	50
uṭṭhāyāsanā vihāraṃ paviṭṭho	50
kho no āvuso	50
abbhutaṃ vata bho	50
yāva sattamā pitāmahayugā	50
vā attānaṃ attani	50
ce bhikkhave bhikkhu	50
bhikkhu saṅghādisesassa āpatti	50
kusalā dhammā abhivaḍḍhanti	50
na kho panetaṃ	50
bhikkhū āmantesi anujānāmi	50
ime vuccanti bhikkhave	50
idha bhikkhave bhikkhuno	50
attānaṃ attani vā	50
anagāriyaṃ pabbajito hoti	50
tuṇhī evametaṃ dhārayāmīti	50
dhamme aveccappasādena samannāgato	50
catunnaṃ iddhipādānaṃ bhāvitattā	50
āyasmantaṃ sāriputtaṃ etadavoca	50
aho vatāhaṃ kāyassa	50
pāpake akusale dhamme	50
nāparaṃ itthattāyāti pajānāmīti	50
adhigamāya asacchikatassa sacchikiriyāya	50
so tena lābhasakkārasilokena	50
sugato athāparaṃ etadavoca	50
abhiññāya pariññāya parikkhayāya	50
pe puna caparaṃ	50
bhikkhave aññatitthiyā paribbājakā	50
uppajjati uppanna ca	49
karohi bhāsissāmīti evaṃ	49
dīgharattaṃ hitāya sukhāyāti	49
parāmasati pe gaṇhāti	49
puna caparaṃ gahapati	49
taṃ citta appahāya	49
samiñjita vā bāhā	49
nissaraṇa yathābhūtaṃ nappajānāti	49
virajjati virāga vimuccati	49
appahāya taṃ citta	49
hīnaṃ vā paṇīta	49
kāmaguṇa samappita samaṅgībhūta	49
samannāgata hoti itipi	49
tasmātiha bhikkhave evaṃ	49
dukkhanirodhagāmī paṭipadāti yoga	49
santike vā sabbaṃ	49
uddisitvā vitthārena atthaṃ	49
bhayadassāvī samādāya sikkhati	49
musā bhaṇāmīti bhaṇita	49
atthaṃ avibhajitvā uṭṭhāyāsanā	49
hoti musā bhaṇati	49
pe gaṇhāti chupati	49
hoti musā bhaṇāmīti	49
kho mahānāma sakka	49
hoti musā mayā	49
appahāya taṃ diṭṭhiṃ	49
vā hīnaṃ vā	49
nikkhitta evaṃ sagga	49
idaṃ dukkhanti yoga	49
citta appahāya taṃ	49
natthi sattā opapātika	49
paṭipadāti yoga karaṇīyoti	49
uppanna pāpaka akusala	49
pubbevassa hoti musā	49
paṇīta vā yaṃ	49
vācaṃ appahāya taṃ	49
dukkhanti yoga karaṇīya	49
tiṇṇaṃ saṅgati phassa	49
asañcicca assati ajānanta	49
saṃkhittena uddesaṃ uddisitvā	49
evaṃ kho ānanda	49
saṃvara paṭipajjati rakkhati	49
ṭhānañca kho etaṃ	49
uddesaṃ uddisitvā vitthārena	49
anantaṃ viññāṇanti viññāṇañcāyatana	49
bhaṇanta hoti musā	49
kiṃnidāna kiṃsamudaya kiṃjātika	49
taṃ diṭṭhiṃ appaṭinissajjitvā	49
bhaṇita hoti musā	49
paccaya yena midhekacce	49
purisa samiñjita vā	49
upekkhaka ca viharati	49
bhaṇati bhaṇanta hoti	49
buddha bhagavāti dhamma	49
āmasati parāmasati pe	49
nibbindaṃ virajjati virāga	49
yato kho āvuso	49
avibhajitvā uṭṭhāyāsanā vihāra	49
kāya vācāya manasā	49
vā yaṃ dūre	49
pe evaṃ kho	49
musā bhaṇati bhaṇanta	49
vitthārena atthaṃ avibhajitvā	49
sukhuma vā hīnaṃ	49
evaṃ vitthārena atthaṃ	49
musā mayā bhaṇitanti	49
bhaṇāmīti bhaṇita hoti	49
so idaṃ dukkhanti	49
pe evaṃ kho	49
vā sukhumaṃ vā	49
vitthārena atthaṃ avibhajitvā	49
parāmasati pe gaṇhāti	49
dukkhanirodhagāminī paṭipadāti yogo	49
dīgharattaṃ hitāya sukhāyāti	49
pubbevassa hoti musā	49
so idaṃ dukkhanti	49
appahāya taṃ cittaṃ	49
appahāya taṃ diṭṭhiṃ	49
kāyena vācāya manasā	49
tasmātiha bhikkhave evaṃ	49
suṇāhi sādhukaṃ manasi	49
virajjati virāgā vimuccati	49
kho bhikkhave satta	49
oḷārikaṃ vā sukhumaṃ	49
idaṃ dukkhanti yogo	49
atthaṃ avibhajitvā uṭṭhāyāsanā	49
kāyena kāyaṃ āmasati	49
hoti musā mayā	49
hoti musā bhaṇāmīti	49
hoti musā bhaṇissanti	49
taṃ cittaṃ appahāya	49
bahiddhā vā oḷārikaṃ	49
evaṃ kho ānanda	49
āsane nisīdi atha	49
bhaṇantassa hoti musā	49
paccayo yena midhekacce	49
evaṃ vitthārena atthaṃ	49
tiṇṇaṃ saṅgati phasso	49
natthi sattā opapātikā	49
pañca idha bhikkhave	49
pe gaṇhāti chupati	49
vā oḷārikaṃ vā	49
paṇītaṃ vā yaṃ	49
samiñjitaṃ vā bāhaṃ	49
karohi bhāsissāmīti evaṃ	49
uddisitvā vitthārena atthaṃ	49
vācaṃ appahāya taṃ	49
musā bhaṇāmīti bhaṇitassa	49
yato kho āvuso	49
anantaṃ viññāṇanti viññāṇañcāyatanaṃ	49
saṃkhittena uddesaṃ uddisitvā	49
bhaṇitassa hoti musā	49
buddho bhagavāti dhamme	49
cittaṃ appahāya taṃ	49
avibhajitvā uṭṭhāyāsanā vihāraṃ	49
sukhumaṃ vā hīnaṃ	49
musā bhaṇissanti bhaṇantassa	49
dukkhanti yogo karaṇīyo	49
vā yaṃ dūre	49
taṃ diṭṭhiṃ appaṭinissajjitvā	49
nibbindaṃ virajjati virāgā	49
bhaṇāmīti bhaṇitassa hoti	49
paṭipadāti yogo karaṇīyoti	49
bhaṇissanti bhaṇantassa hoti	49
āmasati parāmasati pe	49
musā mayā bhaṇitanti	49
puriso samiñjitaṃ vā	49
santike vā sabbaṃ	49
ṭhānañca kho etaṃ	49
uddesaṃ uddisitvā vitthārena	49
vā hīnaṃ vā	49
hīnaṃ vā paṇītaṃ	49
passati cavamāne upapajjamāne	49
ākiñcaññāyatana upasampajja viharati	48
bahudukkha bahupāyāsa ādīnava	48
ekībhāva saṃvattati puna	48
hoti kusalesu dhamma	48
nu kho me	48
bhagavā saṃkhittena uddesaṃ	48
kho panetaṃ āvuso	48
api nu so	48
devatā bhagavato santike	48
saṃkhittena bhāsita evaṃ	48
pathavīdhātu āpodhātu tejodhātu	48
na namati ātappa	48
saṃkhittena bhāsita vitthārena	48
samaya bhagavā vesālī	48
bhikkhu yena bhagavā	48
aññaṃ sukhaṃ abhikkantatarañca	48
sādhu me bhante	48
bhikkhave bhikkhu pāṭikaṅkha	48
ekopi hutvā bahudhā	48
sato ca sampajāna	48
ananta ākāsoti ākāsānañcāyatana	48
bhikkhave duvidhena vadāmi	48
mayhaṃ bhikkhave etadahosi	48
rūpa niccaṃ vā	48
kathañhi nāma āyasmā	48
dhamma pahāya bhabba	48
vuddhiyeva bhikkhave bhikkhu	48
paṭisaṃvedeti yaṃ taṃ	48
sukhaṃ abhikkantatarañca paṇītatarañca	48
pāṭikaṅkha kusalesu dhamma	48
akhaṇḍa pe samādhisaṃvattanika	48
vadāmi sevitabbampi asevitabbampi	48
anāpatti asañcicca assati	48
so evaṃ vadeyya	48
bhikkhūnaṃ pāṭikaṅkhā no	48
tañca cetovimuttiṃ paññāvimuttiṃ	48
nu kho me	48
na namati ātappāya	48
sukhā aññaṃ sukhaṃ	48
so evaṃ vadeyya	48
sukhaṃ abhikkantatarañca paṇītatarañca	48
vadāmi sevitabbampi asevitabbampi	48
bhikkhave duvidhena vadāmi	48
attato samanupassati na	48
ekopi hutvā bahudhā	48
hoti kusalesu dhammesu	48
bhikkhave bhikkhūnaṃ pāṭikaṅkhā	48
samannāgato hoti itipi	48
bahudukkhā bahupāyāsā ādīnavo	48
pāṭikaṅkhā kusalesu dhammesu	48
viññāṇanti viññāṇañcāyatanaṃ upasampajja	48
ceto paricca pajānāmi	48
ekībhāvāya saṃvattati puna	48
ananto ākāsoti ākāsānañcāyatanaṃ	48
sato ca sampajāno	48
etamhā sukhā aññaṃ	48
kho tā bhikkhuniyo	48
bhāvitā bahulīkatā mahapphalā	48
sādhu me bhante	48
rūpaṃ niccaṃ vā	48
anikkhittadhuro kusalesu dhammesu	48
bhagavā saṃkhittena uddesaṃ	48
aññaṃ sukhaṃ abhikkantatarañca	48
iddhipādānaṃ bhāvitattā bahulīkatattā	48
pe iti sākāraṃ	48
samayaṃ bhagavā vesāliyaṃ	48
vuddhiyeva bhikkhave bhikkhūnaṃ	48
kho panetaṃ āvuso	48
anāpatti asañcicca assatiyā	48
mohā ca me	48
mayhaṃ bhikkhave etadahosi	48
api nu so	48
devānaṃ sahabyataṃ upapajjati	48
atha kho tā	48
cittaṃ na namati	48
ca sampajāno sukhañca	48
kathañhi nāma āyasmā	48
saṃkhittena bhāsitassa evaṃ	48
bhikkhu yena bhagavā	48
saṃkhittena bhāsitassa vitthārena	48
devatā bhagavato santike	48
thāmavā daḷhaparakkamo anikkhittadhuro	47
cakkhusamphassapaccayā uppajjati vedayitaṃ	47
vepullāya bhāvanāya pāripūriyā	47
pāhuneyyo dakkhiṇeyyo añjalikaraṇīyo	47
caritvā pacchābhattaṃ piṇḍapātapaṭikkanto	47
pe seyyathāpi bhikkhave	47
bhagavā āyasmantaṃ ānandaṃ	47
maggo ayaṃ paṭipadā	47
akāliko ehipassiko opaneyyiko	47
evaṃ niraye katamehi	47
daḷhaparakkamo anikkhittadhuro kusalesu	47
divaso vā āgacchati	47
tatra tatreva sakkhibhabbataṃ	47
upasampanno upasampannaṃ khuṃsetukāmo	47
dakkhiṇeyyo añjalikaraṇīyo anuttaraṃ	47
katamehi catūhi idha	47
dhammā bhāvanāpāripūriṃ gacchanti	47
suṇātha pe katamo	47
catunnaṃ jhānānaṃ ābhicetasikānaṃ	47
bhante dhammā pe	47
ayaṃ kho āvuso	47
avinipātadhammo niyato sambodhiparāyaṇoti	47
bahupāyāsā ādīnavo ettha	47
bhiyyobhāvāya vepullāya bhāvanāya	47
mucci tassa kukkuccaṃ	47
atha kho tesaṃ	47
sikkhā karaṇīyāti na	47
upasampannaṃ khuṃsetukāmo vambhetukāmo	47
nacirasseva yassatthāya kulaputtā	47
tasmiṃ samaye bhikkhu	47
ākāsoti ākāsānañcāyatanaṃ upasampajja	47
mayā saṃkhittena bhāsitassa	47
na santiṭṭhati na	47
añjalikaraṇīyo anuttaraṃ puññakkhettaṃ	47
etaṃ santanti passato	47
taṇhā uppajjamānā uppajjati	47
virāgāya nirodhāya paṭipanno	47
dhamme pahāya bhabbo	47
pahīnā ucchinnamūlā tālāvatthukatā	47
dhamme appahāya abhabbo	47
cittaṃ pakkhandati pasīdati	47
so ca hoti	47
pakkhandati pasīdati santiṭṭhati	47
paccayo yena midhekacco	47
loko idameva saccaṃ	47
vītisāretvā ekamantaṃ nisīdiṃsu	47
dhammañca bhikkhusaṅghañca upāsakaṃ	47
gaṇhāti chupati āpatti	47
kiṃ maññasi mahārāja	46
bhagavato bhāsitaṃ abhinandīti	46
virāgāya nirodhāya upasamāya	46
pabbajissāmi taṃ kudāssu	46
ariyakantehi sīlehi samannāgato	46
ca bhikkhave asaṅkhatagāmimaggo	46
tassa vatthussa paṭinissaggāya	46
evaṃ devāti kho	46
pahāya pabbajissāmi taṃ	46
tvaṃ ambho purisa	46
yathābhūtaṃ sammappaññāya disvā	46
ye kho te	46
kho bhikkhave tīṇi	46
aṭṭhaṅgiko maggo seyyathidaṃ	46
sammāvāyāmo sammāsati sammāsamādhi	46
bhagavato paccassosi bhagavā	46
paccassosi bhagavā etadavoca	46
dhammo nāyaṃ dhammo	46
vivicceva kāmehi pe	46
ananussutesu dhammesu cakkhuṃ	46
yogo karaṇīyo pe	46
kusalā dhammā bhāvanāpāripūriṃ	46
pharitvā adhimuccitvā viharati	46
dhammesu cakkhuṃ udapādi	46
maggo atthi paṭipadā	46
vedanaṃ vedayāmīti pajānāti	46
tassa bhavanti vattāro	46
bhikkhu pārājikassa āpatti	46
katame pañca idha	46
yadanattā taṃ netaṃ	46
evaṃ vutte ahaṃ	45
vuccati bhikkhave asaṅkhatagāmimaggo	45
yasmiṃ samaye bhikkhave	45
deseti ādikalyāṇaṃ majjhekalyāṇaṃ	45
paṭiggaṇhāti āpatti dukkaṭassa	45
seyyathāpi bho gotama	45
ca aneke kusalā	45
diṭṭheva dhamme dukkhassantakaro	45
santiṭṭhati na vimuccati	45
ca nāsato ca	45
āpatti dukkaṭassa phandāpeti	45
vā aniccā vāti	45
mukhato ca nāsato	45
attānaṃ paññapenti arogaṃ	45
pucchāmi kaccittha parisuddhā	45
paro loko natthi	45
bahulīkatā yānīkatā vatthukatā	45
samanupassāmi yaṃ evaṃ	45
yampidaṃ cakkhusamphassapaccayā uppajjati	45
tatra bhikkhave yvāyaṃ	45
maggaṃ bahulīkaronto nibbānaninno	45
upekkhāsambojjhaṅgaṃ bhāveti vivekanissitaṃ	45
tadavasari tatra sudaṃ	45
natthi sukatadukkaṭānaṃ kammānaṃ	45
puna caparaṃ bhante	45
vajjesu bhayadassāvī samādāya	45
hetu adhammacārī visamacārī	45
niccā vā aniccā	45
